benefit_id,initiative_id,month,benefit_type,business_case_value,measured_value,realised_value,validated_value,driver_volume
AI-001-B1,AI-001,2025-11,cost_savings,158823.53,152092.6,146540.1,5552.5,10863.8
AI-001-B1,AI-001,2025-12,cost_savings,317647.06,315839.94,303759.52,12080.42,22560.0
AI-001-B1,AI-001,2026-01,cost_savings,476470.59,484633.72,464915.79,19717.93,34616.7
AI-001-B1,AI-001,2026-02,cost_savings,635294.12,594242.39,568202.44,26039.95,42445.9
AI-001-B1,AI-001,2026-03,cost_savings,635294.12,639712.52,609229.53,30483.0,45693.8
AI-001-B1,AI-001,2026-04,cost_savings,635294.12,647082.95,613319.31,33763.64,46220.2
AI-001-B1,AI-001,2026-05,cost_savings,635294.12,610988.96,575917.06,35071.9,43642.1
AI-001-B1,AI-001,2026-06,cost_savings,635294.12,646144.85,605229.69,40915.16,46153.2
AI-001-B1,AI-001,2026-07,cost_savings,635294.12,651865.53,606274.99,45590.54,46561.8
AI-001-B1,AI-001,2026-08,cost_savings,635294.12,657396.54,606611.58,50784.96,46956.9
AI-001-B2,AI-001,2025-11,productivity,47058.82,42247.94,36695.45,5552.5,918.4
AI-001-B2,AI-001,2025-12,productivity,94117.65,87733.32,75652.89,12080.42,1907.2
AI-001-B2,AI-001,2026-01,productivity,141176.47,134620.48,114902.55,19717.93,2926.5
AI-001-B2,AI-001,2026-02,productivity,188235.29,165067.33,139027.38,26039.95,3588.4
AI-001-B2,AI-001,2026-03,productivity,188235.29,177697.92,147214.93,30483.0,3863.0
AI-001-B2,AI-001,2026-04,productivity,188235.29,179745.26,145981.62,33763.64,3907.5
AI-001-B2,AI-001,2026-05,productivity,188235.29,169719.15,134647.25,35071.9,3689.5
AI-001-B2,AI-001,2026-06,productivity,188235.29,179484.68,138569.52,40915.16,3901.8
AI-001-B2,AI-001,2026-07,productivity,188235.29,181073.76,135483.22,45590.54,3936.4
AI-001-B2,AI-001,2026-08,productivity,188235.29,182610.15,131825.19,50784.96,3969.8
AI-002-B1,AI-002,2025-12,revenue,80000.0,0.0,0.0,0.0,0.0
AI-002-B1,AI-002,2026-01,revenue,160000.0,69009.57,41784.96,27224.61,69009.6
AI-002-B1,AI-002,2026-02,revenue,240000.0,147242.96,84680.21,62562.75,147243.0
AI-002-B1,AI-002,2026-03,revenue,320000.0,222401.38,119643.54,102757.84,222401.4
AI-002-B1,AI-002,2026-04,revenue,320000.0,292087.17,144310.29,147776.88,292087.2
AI-002-B1,AI-002,2026-05,revenue,320000.0,290278.75,128714.28,161564.47,290278.7
AI-002-B1,AI-002,2026-06,revenue,320000.0,291525.24,112532.58,178992.67,291525.2
AI-002-B1,AI-002,2026-07,revenue,320000.0,294937.88,94927.78,200010.1,294937.9
AI-002-B1,AI-002,2026-08,revenue,320000.0,292517.07,73406.37,219110.7,292517.1
AI-002-B2,AI-002,2025-12,productivity,26666.67,0.0,0.0,0.0,0.0
AI-002-B2,AI-002,2026-01,productivity,53333.33,25424.58,22949.61,2474.96,438.4
AI-002-B2,AI-002,2026-02,productivity,80000.0,54247.4,48559.88,5687.52,935.3
AI-002-B2,AI-002,2026-03,productivity,106666.67,81937.35,72595.73,9341.62,1412.7
AI-002-B2,AI-002,2026-04,productivity,106666.67,107611.06,94176.8,13434.26,1855.4
AI-002-B2,AI-002,2026-05,productivity,106666.67,106944.8,92257.12,14687.68,1843.9
AI-002-B2,AI-002,2026-06,productivity,106666.67,107404.04,91131.98,16272.06,1851.8
AI-002-B2,AI-002,2026-07,productivity,106666.67,108661.32,90478.59,18182.74,1873.5
AI-002-B2,AI-002,2026-08,productivity,106666.67,107769.45,87850.29,19919.15,1858.1
AI-003-B1,AI-003,2025-12,cost_savings,166666.67,0.0,0.0,0.0,0.0
AI-003-B1,AI-003,2026-01,cost_savings,333333.33,0.0,0.0,0.0,0.0
AI-003-B1,AI-003,2026-02,cost_savings,500000.0,69804.3,63660.18,6144.12,69804.3
AI-003-B1,AI-003,2026-03,cost_savings,666666.67,138435.54,125185.38,13250.16,138435.5
AI-003-B1,AI-003,2026-04,cost_savings,666666.67,222389.36,199081.4,23307.95,222389.4
AI-003-B1,AI-003,2026-05,cost_savings,666666.67,289355.29,255992.82,33362.47,289355.3
AI-003-B1,AI-003,2026-06,cost_savings,666666.67,299900.23,261755.72,38144.51,299900.2
AI-003-B1,AI-003,2026-07,cost_savings,666666.67,287683.11,247269.1,40414.0,287683.1
AI-003-B1,AI-003,2026-08,cost_savings,666666.67,292432.18,247055.4,45376.78,292432.2
AI-003-B2,AI-003,2025-12,revenue,83333.33,0.0,0.0,0.0,0.0
AI-003-B2,AI-003,2026-01,revenue,166666.67,0.0,0.0,0.0,0.0
AI-003-B2,AI-003,2026-02,revenue,250000.0,39264.92,33120.8,6144.12,39264.9
AI-003-B2,AI-003,2026-03,revenue,333333.33,77869.99,64619.83,13250.16,77870.0
AI-003-B2,AI-003,2026-04,revenue,333333.33,125094.01,101786.06,23307.95,125094.0
AI-003-B2,AI-003,2026-05,revenue,333333.33,162762.35,129399.88,33362.47,162762.3
AI-003-B2,AI-003,2026-06,revenue,333333.33,168693.88,130549.37,38144.51,168693.9
AI-003-B2,AI-003,2026-07,revenue,333333.33,161821.75,121407.74,40414.0,161821.7
AI-003-B2,AI-003,2026-08,revenue,333333.33,164493.1,119116.32,45376.78,164493.1
AI-004-B1,AI-004,2025-12,productivity,60000.0,59173.15,59173.15,0.0,954.4
AI-004-B1,AI-004,2026-01,productivity,120000.0,126598.13,126598.13,0.0,2041.9
AI-004-B1,AI-004,2026-02,productivity,180000.0,181166.19,181166.19,0.0,2922.0
AI-004-B1,AI-004,2026-03,productivity,240000.0,247403.96,247403.96,0.0,3990.4
AI-004-B1,AI-004,2026-04,productivity,240000.0,266791.58,266791.58,0.0,4303.1
AI-004-B1,AI-004,2026-05,productivity,240000.0,253123.3,253123.3,0.0,4082.6
AI-004-B1,AI-004,2026-06,productivity,240000.0,263011.55,263011.55,0.0,4242.1
AI-004-B1,AI-004,2026-07,productivity,240000.0,251695.86,251695.86,0.0,4059.6
AI-004-B1,AI-004,2026-08,productivity,240000.0,251036.28,251036.28,0.0,4049.0
AI-004-B2,AI-004,2025-12,cost_savings,20000.0,18686.26,18686.26,0.0,18686.3
AI-004-B2,AI-004,2026-01,cost_savings,40000.0,39978.36,39978.36,0.0,39978.4
AI-004-B2,AI-004,2026-02,cost_savings,60000.0,57210.38,57210.38,0.0,57210.4
AI-004-B2,AI-004,2026-03,cost_savings,80000.0,78127.57,78127.57,0.0,78127.6
AI-004-B2,AI-004,2026-04,cost_savings,80000.0,84249.97,84249.97,0.0,84250.0
AI-004-B2,AI-004,2026-05,cost_savings,80000.0,79933.67,79933.67,0.0,79933.7
AI-004-B2,AI-004,2026-06,cost_savings,80000.0,83056.28,83056.28,0.0,83056.3
AI-004-B2,AI-004,2026-07,cost_savings,80000.0,79482.9,79482.9,0.0,79482.9
AI-004-B2,AI-004,2026-08,cost_savings,80000.0,79274.61,79274.61,0.0,79274.6
AI-005-B1,AI-005,2025-11,cost_savings,88235.29,82423.76,80607.48,1816.28,3746.5
AI-005-B1,AI-005,2025-12,cost_savings,176470.59,169916.12,165993.29,3922.83,7723.5
AI-005-B1,AI-005,2026-01,cost_savings,264705.88,272748.66,266050.43,6698.23,12397.7
AI-005-B1,AI-005,2026-02,cost_savings,352941.18,359343.55,349838.89,9504.65,16333.8
AI-005-B1,AI-005,2026-03,cost_savings,352941.18,372282.79,361575.1,10707.68,16921.9
AI-005-B1,AI-005,2026-04,cost_savings,352941.18,339472.52,328780.89,10691.63,15430.6
AI-005-B1,AI-005,2026-05,cost_savings,352941.18,362611.27,350047.59,12563.69,16482.3
AI-005-B1,AI-005,2026-06,cost_savings,352941.18,341289.04,328244.57,13044.47,15513.1
AI-005-B1,AI-005,2026-07,cost_savings,352941.18,359246.75,344081.16,15165.59,16329.4
AI-005-B1,AI-005,2026-08,cost_savings,352941.18,340665.54,324780.6,15884.95,15484.8
AI-005-B2,AI-005,2025-11,productivity,17647.06,13737.29,11921.01,1816.28,361.5
AI-005-B2,AI-005,2025-12,productivity,35294.12,28319.35,24396.52,3922.83,745.2
AI-005-B2,AI-005,2026-01,productivity,52941.18,45458.11,38759.88,6698.23,1196.3
AI-005-B2,AI-005,2026-02,productivity,70588.24,59890.59,50385.94,9504.65,1576.1
AI-005-B2,AI-005,2026-03,productivity,70588.24,62047.13,51339.45,10707.68,1632.8
AI-005-B2,AI-005,2026-04,productivity,70588.24,56578.75,45887.13,10691.63,1488.9
AI-005-B2,AI-005,2026-05,productivity,70588.24,60435.21,47871.53,12563.69,1590.4
AI-005-B2,AI-005,2026-06,productivity,70588.24,56881.51,43837.03,13044.47,1496.9
AI-005-B2,AI-005,2026-07,productivity,70588.24,59874.46,44708.87,15165.59,1575.6
AI-005-B2,AI-005,2026-08,productivity,70588.24,56777.59,40892.65,15884.95,1494.1
AI-006-B1,AI-006,2026-01,productivity,169230.77,96484.88,73733.91,22750.98,2353.3
AI-006-B1,AI-006,2026-02,productivity,338461.54,200447.66,149541.46,50906.21,4889.0
AI-006-B1,AI-006,2026-03,productivity,507692.31,305091.44,220836.38,84255.05,7441.3
AI-006-B1,AI-006,2026-04,productivity,676923.08,403945.51,281792.19,122153.31,9852.3
AI-006-B1,AI-006,2026-05,productivity,676923.08,382493.89,255248.06,127245.83,9329.1
AI-006-B1,AI-006,2026-06,productivity,676923.08,407778.78,258130.36,149648.42,9945.8
AI-006-B1,AI-006,2026-07,productivity,676923.08,396704.15,235907.66,160796.49,9675.7
AI-006-B1,AI-006,2026-08,productivity,676923.08,407053.69,224809.99,182243.7,9928.1
AI-007-B1,AI-007,2025-12,risk,66666.67,39711.8,24290.47,15421.32,39711.8
AI-007-B1,AI-007,2026-01,risk,133333.33,83901.24,49243.27,34657.97,83901.2
AI-007-B1,AI-007,2026-02,risk,200000.0,114717.44,63679.51,51037.93,114717.4
AI-007-B1,AI-007,2026-03,risk,266666.67,157325.19,81212.32,76112.87,157325.2
AI-007-B1,AI-007,2026-04,risk,266666.67,161587.97,75985.68,85602.29,161588.0
AI-007-B1,AI-007,2026-05,risk,266666.67,161548.19,67399.33,94148.86,161548.2
AI-007-B1,AI-007,2026-06,risk,266666.67,158731.15,56683.36,102047.79,158731.1
AI-007-B1,AI-007,2026-07,risk,266666.67,161014.37,46682.22,114332.15,161014.4
AI-007-B1,AI-007,2026-08,risk,266666.67,161462.66,34823.84,126638.82,161462.7
AI-007-B2,AI-007,2025-12,cost_savings,30000.0,26474.53,24271.48,2203.05,26474.5
AI-007-B2,AI-007,2026-01,cost_savings,60000.0,55934.16,50983.02,4951.14,55934.2
AI-007-B2,AI-007,2026-02,cost_savings,90000.0,76478.29,69187.16,7291.13,76478.3
AI-007-B2,AI-007,2026-03,cost_savings,120000.0,104883.46,94010.19,10873.27,104883.5
AI-007-B2,AI-007,2026-04,cost_savings,120000.0,107725.31,95496.41,12228.9,107725.3
AI-007-B2,AI-007,2026-05,cost_savings,120000.0,107698.79,94248.96,13449.84,107698.8
AI-007-B2,AI-007,2026-06,cost_savings,120000.0,105820.76,91242.51,14578.26,105820.8
AI-007-B2,AI-007,2026-07,cost_savings,120000.0,107342.91,91009.75,16333.16,107342.9
AI-007-B2,AI-007,2026-08,cost_savings,120000.0,107641.77,89550.51,18091.26,107641.8
AI-008-B1,AI-008,2025-11,cost_savings,188235.29,183079.71,179250.73,3828.98,183079.7
AI-008-B1,AI-008,2025-12,cost_savings,376470.59,362750.98,354802.47,7948.51,362751.0
AI-008-B1,AI-008,2026-01,cost_savings,564705.88,542451.91,529808.3,12643.61,542451.9
AI-008-B1,AI-008,2026-02,cost_savings,752941.18,740636.33,722043.58,18592.75,740636.3
AI-008-B1,AI-008,2026-03,cost_savings,752941.18,745666.11,725310.73,20355.39,745666.1
AI-008-B1,AI-008,2026-04,cost_savings,752941.18,738501.83,716426.71,22075.12,738501.8
AI-008-B1,AI-008,2026-05,cost_savings,752941.18,745124.3,720621.44,24502.86,745124.3
AI-008-B1,AI-008,2026-06,cost_savings,752941.18,755129.51,727736.61,27392.9,755129.5
AI-008-B1,AI-008,2026-07,cost_savings,752941.18,747906.0,717940.2,29965.8,747906.0
AI-008-B1,AI-008,2026-08,cost_savings,752941.18,738753.31,706059.22,32694.09,738753.3
AI-009-B1,AI-009,2026-01,cost_savings,150000.0,0.0,0.0,0.0,0.0
AI-009-B1,AI-009,2026-02,cost_savings,300000.0,160020.75,128690.87,31329.88,160020.8
AI-009-B1,AI-009,2026-03,cost_savings,450000.0,334461.62,263254.25,71207.37,334461.6
AI-009-B1,AI-009,2026-04,cost_savings,600000.0,479198.13,367483.43,111714.7,479198.1
AI-009-B1,AI-009,2026-05,cost_savings,600000.0,659236.63,490164.07,169072.56,659236.6
AI-009-B1,AI-009,2026-06,cost_savings,600000.0,652835.87,468136.98,184698.89,652835.9
AI-009-B1,AI-009,2026-07,cost_savings,600000.0,662346.71,455376.45,206970.26,662346.7
AI-009-B1,AI-009,2026-08,cost_savings,600000.0,651900.29,426893.96,225006.34,651900.3
AI-009-B2,AI-009,2026-01,revenue,23076.92,0.0,0.0,0.0,0.0
AI-009-B2,AI-009,2026-02,revenue,46153.85,17780.08,11514.11,6265.98,17780.1
AI-009-B2,AI-009,2026-03,revenue,69230.77,37162.4,22920.93,14241.47,37162.4
AI-009-B2,AI-009,2026-04,revenue,92307.69,53244.24,30901.3,22342.94,53244.2
AI-009-B2,AI-009,2026-05,revenue,92307.69,73248.51,39434.0,33814.51,73248.5
AI-009-B2,AI-009,2026-06,revenue,92307.69,72537.32,35597.54,36939.78,72537.3
AI-009-B2,AI-009,2026-07,revenue,92307.69,73594.08,32200.03,41394.05,73594.1
AI-009-B2,AI-009,2026-08,revenue,92307.69,72433.37,27432.1,45001.27,72433.4
AI-010-B1,AI-010,2025-12,revenue,153333.33,131500.4,84834.5,46665.9,131500.4
AI-010-B1,AI-010,2026-01,revenue,306666.67,250177.45,155738.02,94439.43,250177.5
AI-010-B1,AI-010,2026-02,revenue,460000.0,376946.0,223691.49,153254.51,376946.0
AI-010-B1,AI-010,2026-03,revenue,613333.33,503721.96,281021.45,222700.51,503722.0
AI-010-B1,AI-010,2026-04,revenue,613333.33,506483.33,261288.1,245195.23,506483.3
AI-010-B1,AI-010,2026-05,revenue,613333.33,532056.36,248694.69,283361.67,532056.4
AI-010-B1,AI-010,2026-06,revenue,613333.33,235501.98,97143.28,138358.7,235502.0
AI-010-B1,AI-010,2026-07,revenue,613333.33,239764.68,84182.65,155582.02,239764.7
AI-010-B1,AI-010,2026-08,revenue,613333.33,223847.85,63405.82,160442.03,223847.8
AI-011-B1,AI-011,2025-12,productivity,40000.0,41979.54,39649.81,2329.73,591.3
AI-011-B1,AI-011,2026-01,productivity,80000.0,80068.88,75342.11,4726.77,1127.7
AI-011-B1,AI-011,2026-02,productivity,120000.0,117335.05,109874.73,7460.32,1652.6
AI-011-B1,AI-011,2026-03,productivity,160000.0,159505.82,148477.67,11028.14,2246.6
AI-011-B1,AI-011,2026-04,productivity,160000.0,155307.54,143549.5,11758.04,2187.4
AI-011-B1,AI-011,2026-05,productivity,160000.0,161581.29,148123.61,13457.67,2275.8
AI-011-B1,AI-011,2026-06,productivity,160000.0,166568.8,151264.93,15303.86,2346.0
AI-011-B1,AI-011,2026-07,productivity,160000.0,157362.63,141393.86,15968.76,2216.4
AI-011-B1,AI-011,2026-08,productivity,160000.0,160290.47,142323.77,17966.7,2257.6
AI-011-B2,AI-011,2025-12,cost_savings,30000.0,27986.36,27986.36,0.0,27986.4
AI-011-B2,AI-011,2026-01,cost_savings,60000.0,53379.25,53379.25,0.0,53379.3
AI-011-B2,AI-011,2026-02,cost_savings,90000.0,78223.37,78223.37,0.0,78223.4
AI-011-B2,AI-011,2026-03,cost_savings,120000.0,106337.21,106337.21,0.0,106337.2
AI-011-B2,AI-011,2026-04,cost_savings,120000.0,103538.36,103538.36,0.0,103538.4
AI-011-B2,AI-011,2026-05,cost_savings,120000.0,107720.86,107720.86,0.0,107720.9
AI-011-B2,AI-011,2026-06,cost_savings,120000.0,111045.86,111045.86,0.0,111045.9
AI-011-B2,AI-011,2026-07,cost_savings,120000.0,104908.42,104908.42,0.0,104908.4
AI-011-B2,AI-011,2026-08,cost_savings,120000.0,106860.31,106860.31,0.0,106860.3
AI-012-B1,AI-012,2025-11,productivity,102941.18,95470.41,68771.99,26698.42,1224.0
AI-012-B1,AI-012,2025-12,productivity,205882.35,193682.64,136935.72,56746.92,2483.1
AI-012-B1,AI-012,2026-01,productivity,308823.53,284295.28,195691.17,88604.11,3644.8
AI-012-B1,AI-012,2026-02,productivity,411764.71,380403.45,252713.25,127690.21,4877.0
AI-012-B1,AI-012,2026-03,productivity,411764.71,392660.83,249334.19,143326.64,5034.1
AI-012-B1,AI-012,2026-04,productivity,411764.71,380362.71,228334.63,152028.08,4876.4
AI-012-B1,AI-012,2026-05,productivity,411764.71,404358.87,226559.81,177799.06,5184.1
AI-012-B1,AI-012,2026-06,productivity,411764.71,402884.88,207463.57,195421.31,5165.2
AI-012-B1,AI-012,2026-07,productivity,411764.71,384351.12,178439.25,205911.87,4927.6
AI-012-B1,AI-012,2026-08,productivity,411764.71,381529.81,155756.43,225773.37,4891.4
