initiative_id,month,cost_category,cost_group,budget_amount
AI-001,2025-09,gpu,Infrastructure,130000.0
AI-001,2025-10,gpu,Infrastructure,130000.0
AI-001,2025-11,gpu,Infrastructure,88400.0
AI-001,2025-12,gpu,Infrastructure,88400.0
AI-001,2026-01,gpu,Infrastructure,88400.0
AI-001,2026-02,gpu,Infrastructure,88400.0
AI-001,2026-03,gpu,Infrastructure,88400.0
AI-001,2026-04,gpu,Infrastructure,88400.0
AI-001,2026-05,gpu,Infrastructure,88400.0
AI-001,2026-06,gpu,Infrastructure,88400.0
AI-001,2026-07,gpu,Infrastructure,88400.0
AI-001,2026-08,gpu,Infrastructure,88400.0
AI-001,2025-09,compute,Infrastructure,47272.73
AI-001,2025-10,compute,Infrastructure,47272.73
AI-001,2025-11,compute,Infrastructure,32145.45
AI-001,2025-12,compute,Infrastructure,32145.45
AI-001,2026-01,compute,Infrastructure,32145.45
AI-001,2026-02,compute,Infrastructure,32145.45
AI-001,2026-03,compute,Infrastructure,32145.45
AI-001,2026-04,compute,Infrastructure,32145.45
AI-001,2026-05,compute,Infrastructure,32145.45
AI-001,2026-06,compute,Infrastructure,32145.45
AI-001,2026-07,compute,Infrastructure,32145.45
AI-001,2026-08,compute,Infrastructure,32145.45
AI-001,2025-09,storage,Infrastructure,41363.64
AI-001,2025-10,storage,Infrastructure,41363.64
AI-001,2025-11,storage,Infrastructure,28127.27
AI-001,2025-12,storage,Infrastructure,28127.27
AI-001,2026-01,storage,Infrastructure,28127.27
AI-001,2026-02,storage,Infrastructure,28127.27
AI-001,2026-03,storage,Infrastructure,28127.27
AI-001,2026-04,storage,Infrastructure,28127.27
AI-001,2026-05,storage,Infrastructure,28127.27
AI-001,2026-06,storage,Infrastructure,28127.27
AI-001,2026-07,storage,Infrastructure,28127.27
AI-001,2026-08,storage,Infrastructure,28127.27
AI-001,2025-09,networking,Infrastructure,23636.36
AI-001,2025-10,networking,Infrastructure,23636.36
AI-001,2025-11,networking,Infrastructure,16072.73
AI-001,2025-12,networking,Infrastructure,16072.73
AI-001,2026-01,networking,Infrastructure,16072.73
AI-001,2026-02,networking,Infrastructure,16072.73
AI-001,2026-03,networking,Infrastructure,16072.73
AI-001,2026-04,networking,Infrastructure,16072.73
AI-001,2026-05,networking,Infrastructure,16072.73
AI-001,2026-06,networking,Infrastructure,16072.73
AI-001,2026-07,networking,Infrastructure,16072.73
AI-001,2026-08,networking,Infrastructure,16072.73
AI-001,2025-09,software,Software,59090.91
AI-001,2025-10,software,Software,59090.91
AI-001,2025-11,software,Software,40181.82
AI-001,2025-12,software,Software,40181.82
AI-001,2026-01,software,Software,40181.82
AI-001,2026-02,software,Software,40181.82
AI-001,2026-03,software,Software,40181.82
AI-001,2026-04,software,Software,40181.82
AI-001,2026-05,software,Software,40181.82
AI-001,2026-06,software,Software,40181.82
AI-001,2026-07,software,Software,40181.82
AI-001,2026-08,software,Software,40181.82
AI-001,2025-09,saas,Software,11818.18
AI-001,2025-10,saas,Software,11818.18
AI-001,2025-11,saas,Software,8036.36
AI-001,2025-12,saas,Software,8036.36
AI-001,2026-01,saas,Software,8036.36
AI-001,2026-02,saas,Software,8036.36
AI-001,2026-03,saas,Software,8036.36
AI-001,2026-04,saas,Software,8036.36
AI-001,2026-05,saas,Software,8036.36
AI-001,2026-06,saas,Software,8036.36
AI-001,2026-07,saas,Software,8036.36
AI-001,2026-08,saas,Software,8036.36
AI-001,2025-09,cloud,Cloud,11818.18
AI-001,2025-10,cloud,Cloud,11818.18
AI-001,2025-11,cloud,Cloud,8036.36
AI-001,2025-12,cloud,Cloud,8036.36
AI-001,2026-01,cloud,Cloud,8036.36
AI-001,2026-02,cloud,Cloud,8036.36
AI-001,2026-03,cloud,Cloud,8036.36
AI-001,2026-04,cloud,Cloud,8036.36
AI-001,2026-05,cloud,Cloud,8036.36
AI-001,2026-06,cloud,Cloud,8036.36
AI-001,2026-07,cloud,Cloud,8036.36
AI-001,2026-08,cloud,Cloud,8036.36
AI-001,2025-09,vendors,Services,29545.45
AI-001,2025-10,vendors,Services,29545.45
AI-001,2025-11,vendors,Services,20090.91
AI-001,2025-12,vendors,Services,20090.91
AI-001,2026-01,vendors,Services,20090.91
AI-001,2026-02,vendors,Services,20090.91
AI-001,2026-03,vendors,Services,20090.91
AI-001,2026-04,vendors,Services,20090.91
AI-001,2026-05,vendors,Services,20090.91
AI-001,2026-06,vendors,Services,20090.91
AI-001,2026-07,vendors,Services,20090.91
AI-001,2026-08,vendors,Services,20090.91
AI-001,2025-09,consulting,Services,59090.91
AI-001,2025-10,consulting,Services,59090.91
AI-001,2025-11,consulting,Services,40181.82
AI-001,2025-12,consulting,Services,40181.82
AI-001,2026-01,consulting,Services,40181.82
AI-001,2026-02,consulting,Services,40181.82
AI-001,2026-03,consulting,Services,40181.82
AI-001,2026-04,consulting,Services,40181.82
AI-001,2026-05,consulting,Services,40181.82
AI-001,2026-06,consulting,Services,40181.82
AI-001,2026-07,consulting,Services,40181.82
AI-001,2026-08,consulting,Services,40181.82
AI-001,2025-09,employees,People,130000.0
AI-001,2025-10,employees,People,130000.0
AI-001,2025-11,employees,People,88400.0
AI-001,2025-12,employees,People,88400.0
AI-001,2026-01,employees,People,88400.0
AI-001,2026-02,employees,People,88400.0
AI-001,2026-03,employees,People,88400.0
AI-001,2026-04,employees,People,88400.0
AI-001,2026-05,employees,People,88400.0
AI-001,2026-06,employees,People,88400.0
AI-001,2026-07,employees,People,88400.0
AI-001,2026-08,employees,People,88400.0
AI-001,2025-09,training,People,17727.27
AI-001,2025-10,training,People,17727.27
AI-001,2025-11,training,People,12054.55
AI-001,2025-12,training,People,12054.55
AI-001,2026-01,training,People,12054.55
AI-001,2026-02,training,People,12054.55
AI-001,2026-03,training,People,12054.55
AI-001,2026-04,training,People,12054.55
AI-001,2026-05,training,People,12054.55
AI-001,2026-06,training,People,12054.55
AI-001,2026-07,training,People,12054.55
AI-001,2026-08,training,People,12054.55
AI-001,2025-09,data,Other,29545.45
AI-001,2025-10,data,Other,29545.45
AI-001,2025-11,data,Other,20090.91
AI-001,2025-12,data,Other,20090.91
AI-001,2026-01,data,Other,20090.91
AI-001,2026-02,data,Other,20090.91
AI-001,2026-03,data,Other,20090.91
AI-001,2026-04,data,Other,20090.91
AI-001,2026-05,data,Other,20090.91
AI-001,2026-06,data,Other,20090.91
AI-001,2026-07,data,Other,20090.91
AI-001,2026-08,data,Other,20090.91
AI-002,2025-09,gpu,Infrastructure,18421.05
AI-002,2025-10,gpu,Infrastructure,18421.05
AI-002,2025-11,gpu,Infrastructure,18421.05
AI-002,2025-12,gpu,Infrastructure,12526.32
AI-002,2026-01,gpu,Infrastructure,12526.32
AI-002,2026-02,gpu,Infrastructure,12526.32
AI-002,2026-03,gpu,Infrastructure,12526.32
AI-002,2026-04,gpu,Infrastructure,12526.32
AI-002,2026-05,gpu,Infrastructure,12526.32
AI-002,2026-06,gpu,Infrastructure,12526.32
AI-002,2026-07,gpu,Infrastructure,12526.32
AI-002,2026-08,gpu,Infrastructure,12526.32
AI-002,2025-09,compute,Infrastructure,15350.88
AI-002,2025-10,compute,Infrastructure,15350.88
AI-002,2025-11,compute,Infrastructure,15350.88
AI-002,2025-12,compute,Infrastructure,10438.6
AI-002,2026-01,compute,Infrastructure,10438.6
AI-002,2026-02,compute,Infrastructure,10438.6
AI-002,2026-03,compute,Infrastructure,10438.6
AI-002,2026-04,compute,Infrastructure,10438.6
AI-002,2026-05,compute,Infrastructure,10438.6
AI-002,2026-06,compute,Infrastructure,10438.6
AI-002,2026-07,compute,Infrastructure,10438.6
AI-002,2026-08,compute,Infrastructure,10438.6
AI-002,2025-09,storage,Infrastructure,12280.7
AI-002,2025-10,storage,Infrastructure,12280.7
AI-002,2025-11,storage,Infrastructure,12280.7
AI-002,2025-12,storage,Infrastructure,8350.88
AI-002,2026-01,storage,Infrastructure,8350.88
AI-002,2026-02,storage,Infrastructure,8350.88
AI-002,2026-03,storage,Infrastructure,8350.88
AI-002,2026-04,storage,Infrastructure,8350.88
AI-002,2026-05,storage,Infrastructure,8350.88
AI-002,2026-06,storage,Infrastructure,8350.88
AI-002,2026-07,storage,Infrastructure,8350.88
AI-002,2026-08,storage,Infrastructure,8350.88
AI-002,2025-09,networking,Infrastructure,6140.35
AI-002,2025-10,networking,Infrastructure,6140.35
AI-002,2025-11,networking,Infrastructure,6140.35
AI-002,2025-12,networking,Infrastructure,4175.44
AI-002,2026-01,networking,Infrastructure,4175.44
AI-002,2026-02,networking,Infrastructure,4175.44
AI-002,2026-03,networking,Infrastructure,4175.44
AI-002,2026-04,networking,Infrastructure,4175.44
AI-002,2026-05,networking,Infrastructure,4175.44
AI-002,2026-06,networking,Infrastructure,4175.44
AI-002,2026-07,networking,Infrastructure,4175.44
AI-002,2026-08,networking,Infrastructure,4175.44
AI-002,2025-09,software,Software,24561.4
AI-002,2025-10,software,Software,24561.4
AI-002,2025-11,software,Software,24561.4
AI-002,2025-12,software,Software,16701.75
AI-002,2026-01,software,Software,16701.75
AI-002,2026-02,software,Software,16701.75
AI-002,2026-03,software,Software,16701.75
AI-002,2026-04,software,Software,16701.75
AI-002,2026-05,software,Software,16701.75
AI-002,2026-06,software,Software,16701.75
AI-002,2026-07,software,Software,16701.75
AI-002,2026-08,software,Software,16701.75
AI-002,2025-09,saas,Software,18421.05
AI-002,2025-10,saas,Software,18421.05
AI-002,2025-11,saas,Software,18421.05
AI-002,2025-12,saas,Software,12526.32
AI-002,2026-01,saas,Software,12526.32
AI-002,2026-02,saas,Software,12526.32
AI-002,2026-03,saas,Software,12526.32
AI-002,2026-04,saas,Software,12526.32
AI-002,2026-05,saas,Software,12526.32
AI-002,2026-06,saas,Software,12526.32
AI-002,2026-07,saas,Software,12526.32
AI-002,2026-08,saas,Software,12526.32
AI-002,2025-09,cloud,Cloud,73684.21
AI-002,2025-10,cloud,Cloud,73684.21
AI-002,2025-11,cloud,Cloud,73684.21
AI-002,2025-12,cloud,Cloud,50105.26
AI-002,2026-01,cloud,Cloud,50105.26
AI-002,2026-02,cloud,Cloud,50105.26
AI-002,2026-03,cloud,Cloud,50105.26
AI-002,2026-04,cloud,Cloud,50105.26
AI-002,2026-05,cloud,Cloud,50105.26
AI-002,2026-06,cloud,Cloud,50105.26
AI-002,2026-07,cloud,Cloud,50105.26
AI-002,2026-08,cloud,Cloud,50105.26
AI-002,2025-09,vendors,Services,15350.88
AI-002,2025-10,vendors,Services,15350.88
AI-002,2025-11,vendors,Services,15350.88
AI-002,2025-12,vendors,Services,10438.6
AI-002,2026-01,vendors,Services,10438.6
AI-002,2026-02,vendors,Services,10438.6
AI-002,2026-03,vendors,Services,10438.6
AI-002,2026-04,vendors,Services,10438.6
AI-002,2026-05,vendors,Services,10438.6
AI-002,2026-06,vendors,Services,10438.6
AI-002,2026-07,vendors,Services,10438.6
AI-002,2026-08,vendors,Services,10438.6
AI-002,2025-09,consulting,Services,27631.58
AI-002,2025-10,consulting,Services,27631.58
AI-002,2025-11,consulting,Services,27631.58
AI-002,2025-12,consulting,Services,18789.47
AI-002,2026-01,consulting,Services,18789.47
AI-002,2026-02,consulting,Services,18789.47
AI-002,2026-03,consulting,Services,18789.47
AI-002,2026-04,consulting,Services,18789.47
AI-002,2026-05,consulting,Services,18789.47
AI-002,2026-06,consulting,Services,18789.47
AI-002,2026-07,consulting,Services,18789.47
AI-002,2026-08,consulting,Services,18789.47
AI-002,2025-09,employees,People,70614.04
AI-002,2025-10,employees,People,70614.04
AI-002,2025-11,employees,People,70614.04
AI-002,2025-12,employees,People,48017.54
AI-002,2026-01,employees,People,48017.54
AI-002,2026-02,employees,People,48017.54
AI-002,2026-03,employees,People,48017.54
AI-002,2026-04,employees,People,48017.54
AI-002,2026-05,employees,People,48017.54
AI-002,2026-06,employees,People,48017.54
AI-002,2026-07,employees,People,48017.54
AI-002,2026-08,employees,People,48017.54
AI-002,2025-09,training,People,9210.53
AI-002,2025-10,training,People,9210.53
AI-002,2025-11,training,People,9210.53
AI-002,2025-12,training,People,6263.16
AI-002,2026-01,training,People,6263.16
AI-002,2026-02,training,People,6263.16
AI-002,2026-03,training,People,6263.16
AI-002,2026-04,training,People,6263.16
AI-002,2026-05,training,People,6263.16
AI-002,2026-06,training,People,6263.16
AI-002,2026-07,training,People,6263.16
AI-002,2026-08,training,People,6263.16
AI-002,2025-09,data,Other,15350.88
AI-002,2025-10,data,Other,15350.88
AI-002,2025-11,data,Other,15350.88
AI-002,2025-12,data,Other,10438.6
AI-002,2026-01,data,Other,10438.6
AI-002,2026-02,data,Other,10438.6
AI-002,2026-03,data,Other,10438.6
AI-002,2026-04,data,Other,10438.6
AI-002,2026-05,data,Other,10438.6
AI-002,2026-06,data,Other,10438.6
AI-002,2026-07,data,Other,10438.6
AI-002,2026-08,data,Other,10438.6
AI-003,2025-09,gpu,Infrastructure,174890.35
AI-003,2025-10,gpu,Infrastructure,174890.35
AI-003,2025-11,gpu,Infrastructure,174890.35
AI-003,2025-12,gpu,Infrastructure,118925.44
AI-003,2026-01,gpu,Infrastructure,118925.44
AI-003,2026-02,gpu,Infrastructure,118925.44
AI-003,2026-03,gpu,Infrastructure,118925.44
AI-003,2026-04,gpu,Infrastructure,118925.44
AI-003,2026-05,gpu,Infrastructure,118925.44
AI-003,2026-06,gpu,Infrastructure,118925.44
AI-003,2026-07,gpu,Infrastructure,118925.44
AI-003,2026-08,gpu,Infrastructure,118925.44
AI-003,2025-09,compute,Infrastructure,63596.49
AI-003,2025-10,compute,Infrastructure,63596.49
AI-003,2025-11,compute,Infrastructure,63596.49
AI-003,2025-12,compute,Infrastructure,43245.61
AI-003,2026-01,compute,Infrastructure,43245.61
AI-003,2026-02,compute,Infrastructure,43245.61
AI-003,2026-03,compute,Infrastructure,43245.61
AI-003,2026-04,compute,Infrastructure,43245.61
AI-003,2026-05,compute,Infrastructure,43245.61
AI-003,2026-06,compute,Infrastructure,43245.61
AI-003,2026-07,compute,Infrastructure,43245.61
AI-003,2026-08,compute,Infrastructure,43245.61
AI-003,2025-09,storage,Infrastructure,55646.93
AI-003,2025-10,storage,Infrastructure,55646.93
AI-003,2025-11,storage,Infrastructure,55646.93
AI-003,2025-12,storage,Infrastructure,37839.91
AI-003,2026-01,storage,Infrastructure,37839.91
AI-003,2026-02,storage,Infrastructure,37839.91
AI-003,2026-03,storage,Infrastructure,37839.91
AI-003,2026-04,storage,Infrastructure,37839.91
AI-003,2026-05,storage,Infrastructure,37839.91
AI-003,2026-06,storage,Infrastructure,37839.91
AI-003,2026-07,storage,Infrastructure,37839.91
AI-003,2026-08,storage,Infrastructure,37839.91
AI-003,2025-09,networking,Infrastructure,31798.25
AI-003,2025-10,networking,Infrastructure,31798.25
AI-003,2025-11,networking,Infrastructure,31798.25
AI-003,2025-12,networking,Infrastructure,21622.81
AI-003,2026-01,networking,Infrastructure,21622.81
AI-003,2026-02,networking,Infrastructure,21622.81
AI-003,2026-03,networking,Infrastructure,21622.81
AI-003,2026-04,networking,Infrastructure,21622.81
AI-003,2026-05,networking,Infrastructure,21622.81
AI-003,2026-06,networking,Infrastructure,21622.81
AI-003,2026-07,networking,Infrastructure,21622.81
AI-003,2026-08,networking,Infrastructure,21622.81
AI-003,2025-09,software,Software,79495.61
AI-003,2025-10,software,Software,79495.61
AI-003,2025-11,software,Software,79495.61
AI-003,2025-12,software,Software,54057.02
AI-003,2026-01,software,Software,54057.02
AI-003,2026-02,software,Software,54057.02
AI-003,2026-03,software,Software,54057.02
AI-003,2026-04,software,Software,54057.02
AI-003,2026-05,software,Software,54057.02
AI-003,2026-06,software,Software,54057.02
AI-003,2026-07,software,Software,54057.02
AI-003,2026-08,software,Software,54057.02
AI-003,2025-09,saas,Software,15899.12
AI-003,2025-10,saas,Software,15899.12
AI-003,2025-11,saas,Software,15899.12
AI-003,2025-12,saas,Software,10811.4
AI-003,2026-01,saas,Software,10811.4
AI-003,2026-02,saas,Software,10811.4
AI-003,2026-03,saas,Software,10811.4
AI-003,2026-04,saas,Software,10811.4
AI-003,2026-05,saas,Software,10811.4
AI-003,2026-06,saas,Software,10811.4
AI-003,2026-07,saas,Software,10811.4
AI-003,2026-08,saas,Software,10811.4
AI-003,2025-09,cloud,Cloud,15899.12
AI-003,2025-10,cloud,Cloud,15899.12
AI-003,2025-11,cloud,Cloud,15899.12
AI-003,2025-12,cloud,Cloud,10811.4
AI-003,2026-01,cloud,Cloud,10811.4
AI-003,2026-02,cloud,Cloud,10811.4
AI-003,2026-03,cloud,Cloud,10811.4
AI-003,2026-04,cloud,Cloud,10811.4
AI-003,2026-05,cloud,Cloud,10811.4
AI-003,2026-06,cloud,Cloud,10811.4
AI-003,2026-07,cloud,Cloud,10811.4
AI-003,2026-08,cloud,Cloud,10811.4
AI-003,2025-09,vendors,Services,39747.81
AI-003,2025-10,vendors,Services,39747.81
AI-003,2025-11,vendors,Services,39747.81
AI-003,2025-12,vendors,Services,27028.51
AI-003,2026-01,vendors,Services,27028.51
AI-003,2026-02,vendors,Services,27028.51
AI-003,2026-03,vendors,Services,27028.51
AI-003,2026-04,vendors,Services,27028.51
AI-003,2026-05,vendors,Services,27028.51
AI-003,2026-06,vendors,Services,27028.51
AI-003,2026-07,vendors,Services,27028.51
AI-003,2026-08,vendors,Services,27028.51
AI-003,2025-09,consulting,Services,79495.61
AI-003,2025-10,consulting,Services,79495.61
AI-003,2025-11,consulting,Services,79495.61
AI-003,2025-12,consulting,Services,54057.02
AI-003,2026-01,consulting,Services,54057.02
AI-003,2026-02,consulting,Services,54057.02
AI-003,2026-03,consulting,Services,54057.02
AI-003,2026-04,consulting,Services,54057.02
AI-003,2026-05,consulting,Services,54057.02
AI-003,2026-06,consulting,Services,54057.02
AI-003,2026-07,consulting,Services,54057.02
AI-003,2026-08,consulting,Services,54057.02
AI-003,2025-09,employees,People,174890.35
AI-003,2025-10,employees,People,174890.35
AI-003,2025-11,employees,People,174890.35
AI-003,2025-12,employees,People,118925.44
AI-003,2026-01,employees,People,118925.44
AI-003,2026-02,employees,People,118925.44
AI-003,2026-03,employees,People,118925.44
AI-003,2026-04,employees,People,118925.44
AI-003,2026-05,employees,People,118925.44
AI-003,2026-06,employees,People,118925.44
AI-003,2026-07,employees,People,118925.44
AI-003,2026-08,employees,People,118925.44
AI-003,2025-09,training,People,23848.68
AI-003,2025-10,training,People,23848.68
AI-003,2025-11,training,People,23848.68
AI-003,2025-12,training,People,16217.11
AI-003,2026-01,training,People,16217.11
AI-003,2026-02,training,People,16217.11
AI-003,2026-03,training,People,16217.11
AI-003,2026-04,training,People,16217.11
AI-003,2026-05,training,People,16217.11
AI-003,2026-06,training,People,16217.11
AI-003,2026-07,training,People,16217.11
AI-003,2026-08,training,People,16217.11
AI-003,2025-09,data,Other,39747.81
AI-003,2025-10,data,Other,39747.81
AI-003,2025-11,data,Other,39747.81
AI-003,2025-12,data,Other,27028.51
AI-003,2026-01,data,Other,27028.51
AI-003,2026-02,data,Other,27028.51
AI-003,2026-03,data,Other,27028.51
AI-003,2026-04,data,Other,27028.51
AI-003,2026-05,data,Other,27028.51
AI-003,2026-06,data,Other,27028.51
AI-003,2026-07,data,Other,27028.51
AI-003,2026-08,data,Other,27028.51
AI-004,2025-10,gpu,Infrastructure,51477.83
AI-004,2025-11,gpu,Infrastructure,51477.83
AI-004,2025-12,gpu,Infrastructure,35004.93
AI-004,2026-01,gpu,Infrastructure,35004.93
AI-004,2026-02,gpu,Infrastructure,35004.93
AI-004,2026-03,gpu,Infrastructure,35004.93
AI-004,2026-04,gpu,Infrastructure,35004.93
AI-004,2026-05,gpu,Infrastructure,35004.93
AI-004,2026-06,gpu,Infrastructure,35004.93
AI-004,2026-07,gpu,Infrastructure,35004.93
AI-004,2026-08,gpu,Infrastructure,35004.93
AI-004,2025-10,compute,Infrastructure,18719.21
AI-004,2025-11,compute,Infrastructure,18719.21
AI-004,2025-12,compute,Infrastructure,12729.06
AI-004,2026-01,compute,Infrastructure,12729.06
AI-004,2026-02,compute,Infrastructure,12729.06
AI-004,2026-03,compute,Infrastructure,12729.06
AI-004,2026-04,compute,Infrastructure,12729.06
AI-004,2026-05,compute,Infrastructure,12729.06
AI-004,2026-06,compute,Infrastructure,12729.06
AI-004,2026-07,compute,Infrastructure,12729.06
AI-004,2026-08,compute,Infrastructure,12729.06
AI-004,2025-10,storage,Infrastructure,16379.31
AI-004,2025-11,storage,Infrastructure,16379.31
AI-004,2025-12,storage,Infrastructure,11137.93
AI-004,2026-01,storage,Infrastructure,11137.93
AI-004,2026-02,storage,Infrastructure,11137.93
AI-004,2026-03,storage,Infrastructure,11137.93
AI-004,2026-04,storage,Infrastructure,11137.93
AI-004,2026-05,storage,Infrastructure,11137.93
AI-004,2026-06,storage,Infrastructure,11137.93
AI-004,2026-07,storage,Infrastructure,11137.93
AI-004,2026-08,storage,Infrastructure,11137.93
AI-004,2025-10,networking,Infrastructure,9359.61
AI-004,2025-11,networking,Infrastructure,9359.61
AI-004,2025-12,networking,Infrastructure,6364.53
AI-004,2026-01,networking,Infrastructure,6364.53
AI-004,2026-02,networking,Infrastructure,6364.53
AI-004,2026-03,networking,Infrastructure,6364.53
AI-004,2026-04,networking,Infrastructure,6364.53
AI-004,2026-05,networking,Infrastructure,6364.53
AI-004,2026-06,networking,Infrastructure,6364.53
AI-004,2026-07,networking,Infrastructure,6364.53
AI-004,2026-08,networking,Infrastructure,6364.53
AI-004,2025-10,software,Software,23399.01
AI-004,2025-11,software,Software,23399.01
AI-004,2025-12,software,Software,15911.33
AI-004,2026-01,software,Software,15911.33
AI-004,2026-02,software,Software,15911.33
AI-004,2026-03,software,Software,15911.33
AI-004,2026-04,software,Software,15911.33
AI-004,2026-05,software,Software,15911.33
AI-004,2026-06,software,Software,15911.33
AI-004,2026-07,software,Software,15911.33
AI-004,2026-08,software,Software,15911.33
AI-004,2025-10,saas,Software,4679.8
AI-004,2025-11,saas,Software,4679.8
AI-004,2025-12,saas,Software,3182.27
AI-004,2026-01,saas,Software,3182.27
AI-004,2026-02,saas,Software,3182.27
AI-004,2026-03,saas,Software,3182.27
AI-004,2026-04,saas,Software,3182.27
AI-004,2026-05,saas,Software,3182.27
AI-004,2026-06,saas,Software,3182.27
AI-004,2026-07,saas,Software,3182.27
AI-004,2026-08,saas,Software,3182.27
AI-004,2025-10,cloud,Cloud,4679.8
AI-004,2025-11,cloud,Cloud,4679.8
AI-004,2025-12,cloud,Cloud,3182.27
AI-004,2026-01,cloud,Cloud,3182.27
AI-004,2026-02,cloud,Cloud,3182.27
AI-004,2026-03,cloud,Cloud,3182.27
AI-004,2026-04,cloud,Cloud,3182.27
AI-004,2026-05,cloud,Cloud,3182.27
AI-004,2026-06,cloud,Cloud,3182.27
AI-004,2026-07,cloud,Cloud,3182.27
AI-004,2026-08,cloud,Cloud,3182.27
AI-004,2025-10,vendors,Services,11699.51
AI-004,2025-11,vendors,Services,11699.51
AI-004,2025-12,vendors,Services,7955.67
AI-004,2026-01,vendors,Services,7955.67
AI-004,2026-02,vendors,Services,7955.67
AI-004,2026-03,vendors,Services,7955.67
AI-004,2026-04,vendors,Services,7955.67
AI-004,2026-05,vendors,Services,7955.67
AI-004,2026-06,vendors,Services,7955.67
AI-004,2026-07,vendors,Services,7955.67
AI-004,2026-08,vendors,Services,7955.67
AI-004,2025-10,consulting,Services,23399.01
AI-004,2025-11,consulting,Services,23399.01
AI-004,2025-12,consulting,Services,15911.33
AI-004,2026-01,consulting,Services,15911.33
AI-004,2026-02,consulting,Services,15911.33
AI-004,2026-03,consulting,Services,15911.33
AI-004,2026-04,consulting,Services,15911.33
AI-004,2026-05,consulting,Services,15911.33
AI-004,2026-06,consulting,Services,15911.33
AI-004,2026-07,consulting,Services,15911.33
AI-004,2026-08,consulting,Services,15911.33
AI-004,2025-10,employees,People,51477.83
AI-004,2025-11,employees,People,51477.83
AI-004,2025-12,employees,People,35004.93
AI-004,2026-01,employees,People,35004.93
AI-004,2026-02,employees,People,35004.93
AI-004,2026-03,employees,People,35004.93
AI-004,2026-04,employees,People,35004.93
AI-004,2026-05,employees,People,35004.93
AI-004,2026-06,employees,People,35004.93
AI-004,2026-07,employees,People,35004.93
AI-004,2026-08,employees,People,35004.93
AI-004,2025-10,training,People,7019.7
AI-004,2025-11,training,People,7019.7
AI-004,2025-12,training,People,4773.4
AI-004,2026-01,training,People,4773.4
AI-004,2026-02,training,People,4773.4
AI-004,2026-03,training,People,4773.4
AI-004,2026-04,training,People,4773.4
AI-004,2026-05,training,People,4773.4
AI-004,2026-06,training,People,4773.4
AI-004,2026-07,training,People,4773.4
AI-004,2026-08,training,People,4773.4
AI-004,2025-10,data,Other,11699.51
AI-004,2025-11,data,Other,11699.51
AI-004,2025-12,data,Other,7955.67
AI-004,2026-01,data,Other,7955.67
AI-004,2026-02,data,Other,7955.67
AI-004,2026-03,data,Other,7955.67
AI-004,2026-04,data,Other,7955.67
AI-004,2026-05,data,Other,7955.67
AI-004,2026-06,data,Other,7955.67
AI-004,2026-07,data,Other,7955.67
AI-004,2026-08,data,Other,7955.67
AI-005,2025-09,gpu,Infrastructure,14318.18
AI-005,2025-10,gpu,Infrastructure,14318.18
AI-005,2025-11,gpu,Infrastructure,9736.36
AI-005,2025-12,gpu,Infrastructure,9736.36
AI-005,2026-01,gpu,Infrastructure,9736.36
AI-005,2026-02,gpu,Infrastructure,9736.36
AI-005,2026-03,gpu,Infrastructure,9736.36
AI-005,2026-04,gpu,Infrastructure,9736.36
AI-005,2026-05,gpu,Infrastructure,9736.36
AI-005,2026-06,gpu,Infrastructure,9736.36
AI-005,2026-07,gpu,Infrastructure,9736.36
AI-005,2026-08,gpu,Infrastructure,9736.36
AI-005,2025-09,compute,Infrastructure,11931.82
AI-005,2025-10,compute,Infrastructure,11931.82
AI-005,2025-11,compute,Infrastructure,8113.64
AI-005,2025-12,compute,Infrastructure,8113.64
AI-005,2026-01,compute,Infrastructure,8113.64
AI-005,2026-02,compute,Infrastructure,8113.64
AI-005,2026-03,compute,Infrastructure,8113.64
AI-005,2026-04,compute,Infrastructure,8113.64
AI-005,2026-05,compute,Infrastructure,8113.64
AI-005,2026-06,compute,Infrastructure,8113.64
AI-005,2026-07,compute,Infrastructure,8113.64
AI-005,2026-08,compute,Infrastructure,8113.64
AI-005,2025-09,storage,Infrastructure,9545.45
AI-005,2025-10,storage,Infrastructure,9545.45
AI-005,2025-11,storage,Infrastructure,6490.91
AI-005,2025-12,storage,Infrastructure,6490.91
AI-005,2026-01,storage,Infrastructure,6490.91
AI-005,2026-02,storage,Infrastructure,6490.91
AI-005,2026-03,storage,Infrastructure,6490.91
AI-005,2026-04,storage,Infrastructure,6490.91
AI-005,2026-05,storage,Infrastructure,6490.91
AI-005,2026-06,storage,Infrastructure,6490.91
AI-005,2026-07,storage,Infrastructure,6490.91
AI-005,2026-08,storage,Infrastructure,6490.91
AI-005,2025-09,networking,Infrastructure,4772.73
AI-005,2025-10,networking,Infrastructure,4772.73
AI-005,2025-11,networking,Infrastructure,3245.45
AI-005,2025-12,networking,Infrastructure,3245.45
AI-005,2026-01,networking,Infrastructure,3245.45
AI-005,2026-02,networking,Infrastructure,3245.45
AI-005,2026-03,networking,Infrastructure,3245.45
AI-005,2026-04,networking,Infrastructure,3245.45
AI-005,2026-05,networking,Infrastructure,3245.45
AI-005,2026-06,networking,Infrastructure,3245.45
AI-005,2026-07,networking,Infrastructure,3245.45
AI-005,2026-08,networking,Infrastructure,3245.45
AI-005,2025-09,software,Software,19090.91
AI-005,2025-10,software,Software,19090.91
AI-005,2025-11,software,Software,12981.82
AI-005,2025-12,software,Software,12981.82
AI-005,2026-01,software,Software,12981.82
AI-005,2026-02,software,Software,12981.82
AI-005,2026-03,software,Software,12981.82
AI-005,2026-04,software,Software,12981.82
AI-005,2026-05,software,Software,12981.82
AI-005,2026-06,software,Software,12981.82
AI-005,2026-07,software,Software,12981.82
AI-005,2026-08,software,Software,12981.82
AI-005,2025-09,saas,Software,14318.18
AI-005,2025-10,saas,Software,14318.18
AI-005,2025-11,saas,Software,9736.36
AI-005,2025-12,saas,Software,9736.36
AI-005,2026-01,saas,Software,9736.36
AI-005,2026-02,saas,Software,9736.36
AI-005,2026-03,saas,Software,9736.36
AI-005,2026-04,saas,Software,9736.36
AI-005,2026-05,saas,Software,9736.36
AI-005,2026-06,saas,Software,9736.36
AI-005,2026-07,saas,Software,9736.36
AI-005,2026-08,saas,Software,9736.36
AI-005,2025-09,cloud,Cloud,57272.73
AI-005,2025-10,cloud,Cloud,57272.73
AI-005,2025-11,cloud,Cloud,38945.45
AI-005,2025-12,cloud,Cloud,38945.45
AI-005,2026-01,cloud,Cloud,38945.45
AI-005,2026-02,cloud,Cloud,38945.45
AI-005,2026-03,cloud,Cloud,38945.45
AI-005,2026-04,cloud,Cloud,38945.45
AI-005,2026-05,cloud,Cloud,38945.45
AI-005,2026-06,cloud,Cloud,38945.45
AI-005,2026-07,cloud,Cloud,38945.45
AI-005,2026-08,cloud,Cloud,38945.45
AI-005,2025-09,vendors,Services,11931.82
AI-005,2025-10,vendors,Services,11931.82
AI-005,2025-11,vendors,Services,8113.64
AI-005,2025-12,vendors,Services,8113.64
AI-005,2026-01,vendors,Services,8113.64
AI-005,2026-02,vendors,Services,8113.64
AI-005,2026-03,vendors,Services,8113.64
AI-005,2026-04,vendors,Services,8113.64
AI-005,2026-05,vendors,Services,8113.64
AI-005,2026-06,vendors,Services,8113.64
AI-005,2026-07,vendors,Services,8113.64
AI-005,2026-08,vendors,Services,8113.64
AI-005,2025-09,consulting,Services,21477.27
AI-005,2025-10,consulting,Services,21477.27
AI-005,2025-11,consulting,Services,14604.55
AI-005,2025-12,consulting,Services,14604.55
AI-005,2026-01,consulting,Services,14604.55
AI-005,2026-02,consulting,Services,14604.55
AI-005,2026-03,consulting,Services,14604.55
AI-005,2026-04,consulting,Services,14604.55
AI-005,2026-05,consulting,Services,14604.55
AI-005,2026-06,consulting,Services,14604.55
AI-005,2026-07,consulting,Services,14604.55
AI-005,2026-08,consulting,Services,14604.55
AI-005,2025-09,employees,People,54886.36
AI-005,2025-10,employees,People,54886.36
AI-005,2025-11,employees,People,37322.73
AI-005,2025-12,employees,People,37322.73
AI-005,2026-01,employees,People,37322.73
AI-005,2026-02,employees,People,37322.73
AI-005,2026-03,employees,People,37322.73
AI-005,2026-04,employees,People,37322.73
AI-005,2026-05,employees,People,37322.73
AI-005,2026-06,employees,People,37322.73
AI-005,2026-07,employees,People,37322.73
AI-005,2026-08,employees,People,37322.73
AI-005,2025-09,training,People,7159.09
AI-005,2025-10,training,People,7159.09
AI-005,2025-11,training,People,4868.18
AI-005,2025-12,training,People,4868.18
AI-005,2026-01,training,People,4868.18
AI-005,2026-02,training,People,4868.18
AI-005,2026-03,training,People,4868.18
AI-005,2026-04,training,People,4868.18
AI-005,2026-05,training,People,4868.18
AI-005,2026-06,training,People,4868.18
AI-005,2026-07,training,People,4868.18
AI-005,2026-08,training,People,4868.18
AI-005,2025-09,data,Other,11931.82
AI-005,2025-10,data,Other,11931.82
AI-005,2025-11,data,Other,8113.64
AI-005,2025-12,data,Other,8113.64
AI-005,2026-01,data,Other,8113.64
AI-005,2026-02,data,Other,8113.64
AI-005,2026-03,data,Other,8113.64
AI-005,2026-04,data,Other,8113.64
AI-005,2026-05,data,Other,8113.64
AI-005,2026-06,data,Other,8113.64
AI-005,2026-07,data,Other,8113.64
AI-005,2026-08,data,Other,8113.64
AI-006,2025-10,gpu,Infrastructure,51184.83
AI-006,2025-11,gpu,Infrastructure,51184.83
AI-006,2025-12,gpu,Infrastructure,51184.83
AI-006,2026-01,gpu,Infrastructure,34805.69
AI-006,2026-02,gpu,Infrastructure,34805.69
AI-006,2026-03,gpu,Infrastructure,34805.69
AI-006,2026-04,gpu,Infrastructure,34805.69
AI-006,2026-05,gpu,Infrastructure,34805.69
AI-006,2026-06,gpu,Infrastructure,34805.69
AI-006,2026-07,gpu,Infrastructure,34805.69
AI-006,2026-08,gpu,Infrastructure,34805.69
AI-006,2025-10,compute,Infrastructure,21327.01
AI-006,2025-11,compute,Infrastructure,21327.01
AI-006,2025-12,compute,Infrastructure,21327.01
AI-006,2026-01,compute,Infrastructure,14502.37
AI-006,2026-02,compute,Infrastructure,14502.37
AI-006,2026-03,compute,Infrastructure,14502.37
AI-006,2026-04,compute,Infrastructure,14502.37
AI-006,2026-05,compute,Infrastructure,14502.37
AI-006,2026-06,compute,Infrastructure,14502.37
AI-006,2026-07,compute,Infrastructure,14502.37
AI-006,2026-08,compute,Infrastructure,14502.37
AI-006,2025-10,storage,Infrastructure,21327.01
AI-006,2025-11,storage,Infrastructure,21327.01
AI-006,2025-12,storage,Infrastructure,21327.01
AI-006,2026-01,storage,Infrastructure,14502.37
AI-006,2026-02,storage,Infrastructure,14502.37
AI-006,2026-03,storage,Infrastructure,14502.37
AI-006,2026-04,storage,Infrastructure,14502.37
AI-006,2026-05,storage,Infrastructure,14502.37
AI-006,2026-06,storage,Infrastructure,14502.37
AI-006,2026-07,storage,Infrastructure,14502.37
AI-006,2026-08,storage,Infrastructure,14502.37
AI-006,2025-10,networking,Infrastructure,12796.21
AI-006,2025-11,networking,Infrastructure,12796.21
AI-006,2025-12,networking,Infrastructure,12796.21
AI-006,2026-01,networking,Infrastructure,8701.42
AI-006,2026-02,networking,Infrastructure,8701.42
AI-006,2026-03,networking,Infrastructure,8701.42
AI-006,2026-04,networking,Infrastructure,8701.42
AI-006,2026-05,networking,Infrastructure,8701.42
AI-006,2026-06,networking,Infrastructure,8701.42
AI-006,2026-07,networking,Infrastructure,8701.42
AI-006,2026-08,networking,Infrastructure,8701.42
AI-006,2025-10,software,Software,34123.22
AI-006,2025-11,software,Software,34123.22
AI-006,2025-12,software,Software,34123.22
AI-006,2026-01,software,Software,23203.79
AI-006,2026-02,software,Software,23203.79
AI-006,2026-03,software,Software,23203.79
AI-006,2026-04,software,Software,23203.79
AI-006,2026-05,software,Software,23203.79
AI-006,2026-06,software,Software,23203.79
AI-006,2026-07,software,Software,23203.79
AI-006,2026-08,software,Software,23203.79
AI-006,2025-10,saas,Software,29857.82
AI-006,2025-11,saas,Software,29857.82
AI-006,2025-12,saas,Software,29857.82
AI-006,2026-01,saas,Software,20303.32
AI-006,2026-02,saas,Software,20303.32
AI-006,2026-03,saas,Software,20303.32
AI-006,2026-04,saas,Software,20303.32
AI-006,2026-05,saas,Software,20303.32
AI-006,2026-06,saas,Software,20303.32
AI-006,2026-07,saas,Software,20303.32
AI-006,2026-08,saas,Software,20303.32
AI-006,2025-10,cloud,Cloud,68246.45
AI-006,2025-11,cloud,Cloud,68246.45
AI-006,2025-12,cloud,Cloud,68246.45
AI-006,2026-01,cloud,Cloud,46407.58
AI-006,2026-02,cloud,Cloud,46407.58
AI-006,2026-03,cloud,Cloud,46407.58
AI-006,2026-04,cloud,Cloud,46407.58
AI-006,2026-05,cloud,Cloud,46407.58
AI-006,2026-06,cloud,Cloud,46407.58
AI-006,2026-07,cloud,Cloud,46407.58
AI-006,2026-08,cloud,Cloud,46407.58
AI-006,2025-10,vendors,Services,17061.61
AI-006,2025-11,vendors,Services,17061.61
AI-006,2025-12,vendors,Services,17061.61
AI-006,2026-01,vendors,Services,11601.9
AI-006,2026-02,vendors,Services,11601.9
AI-006,2026-03,vendors,Services,11601.9
AI-006,2026-04,vendors,Services,11601.9
AI-006,2026-05,vendors,Services,11601.9
AI-006,2026-06,vendors,Services,11601.9
AI-006,2026-07,vendors,Services,11601.9
AI-006,2026-08,vendors,Services,11601.9
AI-006,2025-10,consulting,Services,34123.22
AI-006,2025-11,consulting,Services,34123.22
AI-006,2025-12,consulting,Services,34123.22
AI-006,2026-01,consulting,Services,23203.79
AI-006,2026-02,consulting,Services,23203.79
AI-006,2026-03,consulting,Services,23203.79
AI-006,2026-04,consulting,Services,23203.79
AI-006,2026-05,consulting,Services,23203.79
AI-006,2026-06,consulting,Services,23203.79
AI-006,2026-07,consulting,Services,23203.79
AI-006,2026-08,consulting,Services,23203.79
AI-006,2025-10,employees,People,102369.67
AI-006,2025-11,employees,People,102369.67
AI-006,2025-12,employees,People,102369.67
AI-006,2026-01,employees,People,69611.37
AI-006,2026-02,employees,People,69611.37
AI-006,2026-03,employees,People,69611.37
AI-006,2026-04,employees,People,69611.37
AI-006,2026-05,employees,People,69611.37
AI-006,2026-06,employees,People,69611.37
AI-006,2026-07,employees,People,69611.37
AI-006,2026-08,employees,People,69611.37
AI-006,2025-10,training,People,12796.21
AI-006,2025-11,training,People,12796.21
AI-006,2025-12,training,People,12796.21
AI-006,2026-01,training,People,8701.42
AI-006,2026-02,training,People,8701.42
AI-006,2026-03,training,People,8701.42
AI-006,2026-04,training,People,8701.42
AI-006,2026-05,training,People,8701.42
AI-006,2026-06,training,People,8701.42
AI-006,2026-07,training,People,8701.42
AI-006,2026-08,training,People,8701.42
AI-006,2025-10,data,Other,21327.01
AI-006,2025-11,data,Other,21327.01
AI-006,2025-12,data,Other,21327.01
AI-006,2026-01,data,Other,14502.37
AI-006,2026-02,data,Other,14502.37
AI-006,2026-03,data,Other,14502.37
AI-006,2026-04,data,Other,14502.37
AI-006,2026-05,data,Other,14502.37
AI-006,2026-06,data,Other,14502.37
AI-006,2026-07,data,Other,14502.37
AI-006,2026-08,data,Other,14502.37
AI-007,2025-09,gpu,Infrastructure,26315.79
AI-007,2025-10,gpu,Infrastructure,26315.79
AI-007,2025-11,gpu,Infrastructure,26315.79
AI-007,2025-12,gpu,Infrastructure,17894.74
AI-007,2026-01,gpu,Infrastructure,17894.74
AI-007,2026-02,gpu,Infrastructure,17894.74
AI-007,2026-03,gpu,Infrastructure,17894.74
AI-007,2026-04,gpu,Infrastructure,17894.74
AI-007,2026-05,gpu,Infrastructure,17894.74
AI-007,2026-06,gpu,Infrastructure,17894.74
AI-007,2026-07,gpu,Infrastructure,17894.74
AI-007,2026-08,gpu,Infrastructure,17894.74
AI-007,2025-09,compute,Infrastructure,23026.32
AI-007,2025-10,compute,Infrastructure,23026.32
AI-007,2025-11,compute,Infrastructure,23026.32
AI-007,2025-12,compute,Infrastructure,15657.89
AI-007,2026-01,compute,Infrastructure,15657.89
AI-007,2026-02,compute,Infrastructure,15657.89
AI-007,2026-03,compute,Infrastructure,15657.89
AI-007,2026-04,compute,Infrastructure,15657.89
AI-007,2026-05,compute,Infrastructure,15657.89
AI-007,2026-06,compute,Infrastructure,15657.89
AI-007,2026-07,compute,Infrastructure,15657.89
AI-007,2026-08,compute,Infrastructure,15657.89
AI-007,2025-09,storage,Infrastructure,19736.84
AI-007,2025-10,storage,Infrastructure,19736.84
AI-007,2025-11,storage,Infrastructure,19736.84
AI-007,2025-12,storage,Infrastructure,13421.05
AI-007,2026-01,storage,Infrastructure,13421.05
AI-007,2026-02,storage,Infrastructure,13421.05
AI-007,2026-03,storage,Infrastructure,13421.05
AI-007,2026-04,storage,Infrastructure,13421.05
AI-007,2026-05,storage,Infrastructure,13421.05
AI-007,2026-06,storage,Infrastructure,13421.05
AI-007,2026-07,storage,Infrastructure,13421.05
AI-007,2026-08,storage,Infrastructure,13421.05
AI-007,2025-09,networking,Infrastructure,46052.63
AI-007,2025-10,networking,Infrastructure,46052.63
AI-007,2025-11,networking,Infrastructure,46052.63
AI-007,2025-12,networking,Infrastructure,31315.79
AI-007,2026-01,networking,Infrastructure,31315.79
AI-007,2026-02,networking,Infrastructure,31315.79
AI-007,2026-03,networking,Infrastructure,31315.79
AI-007,2026-04,networking,Infrastructure,31315.79
AI-007,2026-05,networking,Infrastructure,31315.79
AI-007,2026-06,networking,Infrastructure,31315.79
AI-007,2026-07,networking,Infrastructure,31315.79
AI-007,2026-08,networking,Infrastructure,31315.79
AI-007,2025-09,software,Software,32894.74
AI-007,2025-10,software,Software,32894.74
AI-007,2025-11,software,Software,32894.74
AI-007,2025-12,software,Software,22368.42
AI-007,2026-01,software,Software,22368.42
AI-007,2026-02,software,Software,22368.42
AI-007,2026-03,software,Software,22368.42
AI-007,2026-04,software,Software,22368.42
AI-007,2026-05,software,Software,22368.42
AI-007,2026-06,software,Software,22368.42
AI-007,2026-07,software,Software,22368.42
AI-007,2026-08,software,Software,22368.42
AI-007,2025-09,saas,Software,13157.89
AI-007,2025-10,saas,Software,13157.89
AI-007,2025-11,saas,Software,13157.89
AI-007,2025-12,saas,Software,8947.37
AI-007,2026-01,saas,Software,8947.37
AI-007,2026-02,saas,Software,8947.37
AI-007,2026-03,saas,Software,8947.37
AI-007,2026-04,saas,Software,8947.37
AI-007,2026-05,saas,Software,8947.37
AI-007,2026-06,saas,Software,8947.37
AI-007,2026-07,saas,Software,8947.37
AI-007,2026-08,saas,Software,8947.37
AI-007,2025-09,cloud,Cloud,19736.84
AI-007,2025-10,cloud,Cloud,19736.84
AI-007,2025-11,cloud,Cloud,19736.84
AI-007,2025-12,cloud,Cloud,13421.05
AI-007,2026-01,cloud,Cloud,13421.05
AI-007,2026-02,cloud,Cloud,13421.05
AI-007,2026-03,cloud,Cloud,13421.05
AI-007,2026-04,cloud,Cloud,13421.05
AI-007,2026-05,cloud,Cloud,13421.05
AI-007,2026-06,cloud,Cloud,13421.05
AI-007,2026-07,cloud,Cloud,13421.05
AI-007,2026-08,cloud,Cloud,13421.05
AI-007,2025-09,vendors,Services,23026.32
AI-007,2025-10,vendors,Services,23026.32
AI-007,2025-11,vendors,Services,23026.32
AI-007,2025-12,vendors,Services,15657.89
AI-007,2026-01,vendors,Services,15657.89
AI-007,2026-02,vendors,Services,15657.89
AI-007,2026-03,vendors,Services,15657.89
AI-007,2026-04,vendors,Services,15657.89
AI-007,2026-05,vendors,Services,15657.89
AI-007,2026-06,vendors,Services,15657.89
AI-007,2026-07,vendors,Services,15657.89
AI-007,2026-08,vendors,Services,15657.89
AI-007,2025-09,consulting,Services,32894.74
AI-007,2025-10,consulting,Services,32894.74
AI-007,2025-11,consulting,Services,32894.74
AI-007,2025-12,consulting,Services,22368.42
AI-007,2026-01,consulting,Services,22368.42
AI-007,2026-02,consulting,Services,22368.42
AI-007,2026-03,consulting,Services,22368.42
AI-007,2026-04,consulting,Services,22368.42
AI-007,2026-05,consulting,Services,22368.42
AI-007,2026-06,consulting,Services,22368.42
AI-007,2026-07,consulting,Services,22368.42
AI-007,2026-08,consulting,Services,22368.42
AI-007,2025-09,employees,People,65789.47
AI-007,2025-10,employees,People,65789.47
AI-007,2025-11,employees,People,65789.47
AI-007,2025-12,employees,People,44736.84
AI-007,2026-01,employees,People,44736.84
AI-007,2026-02,employees,People,44736.84
AI-007,2026-03,employees,People,44736.84
AI-007,2026-04,employees,People,44736.84
AI-007,2026-05,employees,People,44736.84
AI-007,2026-06,employees,People,44736.84
AI-007,2026-07,employees,People,44736.84
AI-007,2026-08,employees,People,44736.84
AI-007,2025-09,training,People,9868.42
AI-007,2025-10,training,People,9868.42
AI-007,2025-11,training,People,9868.42
AI-007,2025-12,training,People,6710.53
AI-007,2026-01,training,People,6710.53
AI-007,2026-02,training,People,6710.53
AI-007,2026-03,training,People,6710.53
AI-007,2026-04,training,People,6710.53
AI-007,2026-05,training,People,6710.53
AI-007,2026-06,training,People,6710.53
AI-007,2026-07,training,People,6710.53
AI-007,2026-08,training,People,6710.53
AI-007,2025-09,data,Other,16447.37
AI-007,2025-10,data,Other,16447.37
AI-007,2025-11,data,Other,16447.37
AI-007,2025-12,data,Other,11184.21
AI-007,2026-01,data,Other,11184.21
AI-007,2026-02,data,Other,11184.21
AI-007,2026-03,data,Other,11184.21
AI-007,2026-04,data,Other,11184.21
AI-007,2026-05,data,Other,11184.21
AI-007,2026-06,data,Other,11184.21
AI-007,2026-07,data,Other,11184.21
AI-007,2026-08,data,Other,11184.21
AI-008,2025-09,gpu,Infrastructure,30681.82
AI-008,2025-10,gpu,Infrastructure,30681.82
AI-008,2025-11,gpu,Infrastructure,20863.64
AI-008,2025-12,gpu,Infrastructure,20863.64
AI-008,2026-01,gpu,Infrastructure,20863.64
AI-008,2026-02,gpu,Infrastructure,20863.64
AI-008,2026-03,gpu,Infrastructure,20863.64
AI-008,2026-04,gpu,Infrastructure,20863.64
AI-008,2026-05,gpu,Infrastructure,20863.64
AI-008,2026-06,gpu,Infrastructure,20863.64
AI-008,2026-07,gpu,Infrastructure,20863.64
AI-008,2026-08,gpu,Infrastructure,20863.64
AI-008,2025-09,compute,Infrastructure,25568.18
AI-008,2025-10,compute,Infrastructure,25568.18
AI-008,2025-11,compute,Infrastructure,17386.36
AI-008,2025-12,compute,Infrastructure,17386.36
AI-008,2026-01,compute,Infrastructure,17386.36
AI-008,2026-02,compute,Infrastructure,17386.36
AI-008,2026-03,compute,Infrastructure,17386.36
AI-008,2026-04,compute,Infrastructure,17386.36
AI-008,2026-05,compute,Infrastructure,17386.36
AI-008,2026-06,compute,Infrastructure,17386.36
AI-008,2026-07,compute,Infrastructure,17386.36
AI-008,2026-08,compute,Infrastructure,17386.36
AI-008,2025-09,storage,Infrastructure,20454.55
AI-008,2025-10,storage,Infrastructure,20454.55
AI-008,2025-11,storage,Infrastructure,13909.09
AI-008,2025-12,storage,Infrastructure,13909.09
AI-008,2026-01,storage,Infrastructure,13909.09
AI-008,2026-02,storage,Infrastructure,13909.09
AI-008,2026-03,storage,Infrastructure,13909.09
AI-008,2026-04,storage,Infrastructure,13909.09
AI-008,2026-05,storage,Infrastructure,13909.09
AI-008,2026-06,storage,Infrastructure,13909.09
AI-008,2026-07,storage,Infrastructure,13909.09
AI-008,2026-08,storage,Infrastructure,13909.09
AI-008,2025-09,networking,Infrastructure,10227.27
AI-008,2025-10,networking,Infrastructure,10227.27
AI-008,2025-11,networking,Infrastructure,6954.55
AI-008,2025-12,networking,Infrastructure,6954.55
AI-008,2026-01,networking,Infrastructure,6954.55
AI-008,2026-02,networking,Infrastructure,6954.55
AI-008,2026-03,networking,Infrastructure,6954.55
AI-008,2026-04,networking,Infrastructure,6954.55
AI-008,2026-05,networking,Infrastructure,6954.55
AI-008,2026-06,networking,Infrastructure,6954.55
AI-008,2026-07,networking,Infrastructure,6954.55
AI-008,2026-08,networking,Infrastructure,6954.55
AI-008,2025-09,software,Software,40909.09
AI-008,2025-10,software,Software,40909.09
AI-008,2025-11,software,Software,27818.18
AI-008,2025-12,software,Software,27818.18
AI-008,2026-01,software,Software,27818.18
AI-008,2026-02,software,Software,27818.18
AI-008,2026-03,software,Software,27818.18
AI-008,2026-04,software,Software,27818.18
AI-008,2026-05,software,Software,27818.18
AI-008,2026-06,software,Software,27818.18
AI-008,2026-07,software,Software,27818.18
AI-008,2026-08,software,Software,27818.18
AI-008,2025-09,saas,Software,30681.82
AI-008,2025-10,saas,Software,30681.82
AI-008,2025-11,saas,Software,20863.64
AI-008,2025-12,saas,Software,20863.64
AI-008,2026-01,saas,Software,20863.64
AI-008,2026-02,saas,Software,20863.64
AI-008,2026-03,saas,Software,20863.64
AI-008,2026-04,saas,Software,20863.64
AI-008,2026-05,saas,Software,20863.64
AI-008,2026-06,saas,Software,20863.64
AI-008,2026-07,saas,Software,20863.64
AI-008,2026-08,saas,Software,20863.64
AI-008,2025-09,cloud,Cloud,122727.27
AI-008,2025-10,cloud,Cloud,122727.27
AI-008,2025-11,cloud,Cloud,83454.55
AI-008,2025-12,cloud,Cloud,83454.55
AI-008,2026-01,cloud,Cloud,83454.55
AI-008,2026-02,cloud,Cloud,83454.55
AI-008,2026-03,cloud,Cloud,83454.55
AI-008,2026-04,cloud,Cloud,83454.55
AI-008,2026-05,cloud,Cloud,83454.55
AI-008,2026-06,cloud,Cloud,83454.55
AI-008,2026-07,cloud,Cloud,83454.55
AI-008,2026-08,cloud,Cloud,83454.55
AI-008,2025-09,vendors,Services,25568.18
AI-008,2025-10,vendors,Services,25568.18
AI-008,2025-11,vendors,Services,17386.36
AI-008,2025-12,vendors,Services,17386.36
AI-008,2026-01,vendors,Services,17386.36
AI-008,2026-02,vendors,Services,17386.36
AI-008,2026-03,vendors,Services,17386.36
AI-008,2026-04,vendors,Services,17386.36
AI-008,2026-05,vendors,Services,17386.36
AI-008,2026-06,vendors,Services,17386.36
AI-008,2026-07,vendors,Services,17386.36
AI-008,2026-08,vendors,Services,17386.36
AI-008,2025-09,consulting,Services,46022.73
AI-008,2025-10,consulting,Services,46022.73
AI-008,2025-11,consulting,Services,31295.45
AI-008,2025-12,consulting,Services,31295.45
AI-008,2026-01,consulting,Services,31295.45
AI-008,2026-02,consulting,Services,31295.45
AI-008,2026-03,consulting,Services,31295.45
AI-008,2026-04,consulting,Services,31295.45
AI-008,2026-05,consulting,Services,31295.45
AI-008,2026-06,consulting,Services,31295.45
AI-008,2026-07,consulting,Services,31295.45
AI-008,2026-08,consulting,Services,31295.45
AI-008,2025-09,employees,People,117613.64
AI-008,2025-10,employees,People,117613.64
AI-008,2025-11,employees,People,79977.27
AI-008,2025-12,employees,People,79977.27
AI-008,2026-01,employees,People,79977.27
AI-008,2026-02,employees,People,79977.27
AI-008,2026-03,employees,People,79977.27
AI-008,2026-04,employees,People,79977.27
AI-008,2026-05,employees,People,79977.27
AI-008,2026-06,employees,People,79977.27
AI-008,2026-07,employees,People,79977.27
AI-008,2026-08,employees,People,79977.27
AI-008,2025-09,training,People,15340.91
AI-008,2025-10,training,People,15340.91
AI-008,2025-11,training,People,10431.82
AI-008,2025-12,training,People,10431.82
AI-008,2026-01,training,People,10431.82
AI-008,2026-02,training,People,10431.82
AI-008,2026-03,training,People,10431.82
AI-008,2026-04,training,People,10431.82
AI-008,2026-05,training,People,10431.82
AI-008,2026-06,training,People,10431.82
AI-008,2026-07,training,People,10431.82
AI-008,2026-08,training,People,10431.82
AI-008,2025-09,data,Other,25568.18
AI-008,2025-10,data,Other,25568.18
AI-008,2025-11,data,Other,17386.36
AI-008,2025-12,data,Other,17386.36
AI-008,2026-01,data,Other,17386.36
AI-008,2026-02,data,Other,17386.36
AI-008,2026-03,data,Other,17386.36
AI-008,2026-04,data,Other,17386.36
AI-008,2026-05,data,Other,17386.36
AI-008,2026-06,data,Other,17386.36
AI-008,2026-07,data,Other,17386.36
AI-008,2026-08,data,Other,17386.36
AI-009,2025-09,gpu,Infrastructure,28813.56
AI-009,2025-10,gpu,Infrastructure,28813.56
AI-009,2025-11,gpu,Infrastructure,28813.56
AI-009,2025-12,gpu,Infrastructure,28813.56
AI-009,2026-01,gpu,Infrastructure,19593.22
AI-009,2026-02,gpu,Infrastructure,19593.22
AI-009,2026-03,gpu,Infrastructure,19593.22
AI-009,2026-04,gpu,Infrastructure,19593.22
AI-009,2026-05,gpu,Infrastructure,19593.22
AI-009,2026-06,gpu,Infrastructure,19593.22
AI-009,2026-07,gpu,Infrastructure,19593.22
AI-009,2026-08,gpu,Infrastructure,19593.22
AI-009,2025-09,compute,Infrastructure,25211.86
AI-009,2025-10,compute,Infrastructure,25211.86
AI-009,2025-11,compute,Infrastructure,25211.86
AI-009,2025-12,compute,Infrastructure,25211.86
AI-009,2026-01,compute,Infrastructure,17144.07
AI-009,2026-02,compute,Infrastructure,17144.07
AI-009,2026-03,compute,Infrastructure,17144.07
AI-009,2026-04,compute,Infrastructure,17144.07
AI-009,2026-05,compute,Infrastructure,17144.07
AI-009,2026-06,compute,Infrastructure,17144.07
AI-009,2026-07,compute,Infrastructure,17144.07
AI-009,2026-08,compute,Infrastructure,17144.07
AI-009,2025-09,storage,Infrastructure,21610.17
AI-009,2025-10,storage,Infrastructure,21610.17
AI-009,2025-11,storage,Infrastructure,21610.17
AI-009,2025-12,storage,Infrastructure,21610.17
AI-009,2026-01,storage,Infrastructure,14694.92
AI-009,2026-02,storage,Infrastructure,14694.92
AI-009,2026-03,storage,Infrastructure,14694.92
AI-009,2026-04,storage,Infrastructure,14694.92
AI-009,2026-05,storage,Infrastructure,14694.92
AI-009,2026-06,storage,Infrastructure,14694.92
AI-009,2026-07,storage,Infrastructure,14694.92
AI-009,2026-08,storage,Infrastructure,14694.92
AI-009,2025-09,networking,Infrastructure,50423.73
AI-009,2025-10,networking,Infrastructure,50423.73
AI-009,2025-11,networking,Infrastructure,50423.73
AI-009,2025-12,networking,Infrastructure,50423.73
AI-009,2026-01,networking,Infrastructure,34288.14
AI-009,2026-02,networking,Infrastructure,34288.14
AI-009,2026-03,networking,Infrastructure,34288.14
AI-009,2026-04,networking,Infrastructure,34288.14
AI-009,2026-05,networking,Infrastructure,34288.14
AI-009,2026-06,networking,Infrastructure,34288.14
AI-009,2026-07,networking,Infrastructure,34288.14
AI-009,2026-08,networking,Infrastructure,34288.14
AI-009,2025-09,software,Software,36016.95
AI-009,2025-10,software,Software,36016.95
AI-009,2025-11,software,Software,36016.95
AI-009,2025-12,software,Software,36016.95
AI-009,2026-01,software,Software,24491.53
AI-009,2026-02,software,Software,24491.53
AI-009,2026-03,software,Software,24491.53
AI-009,2026-04,software,Software,24491.53
AI-009,2026-05,software,Software,24491.53
AI-009,2026-06,software,Software,24491.53
AI-009,2026-07,software,Software,24491.53
AI-009,2026-08,software,Software,24491.53
AI-009,2025-09,saas,Software,14406.78
AI-009,2025-10,saas,Software,14406.78
AI-009,2025-11,saas,Software,14406.78
AI-009,2025-12,saas,Software,14406.78
AI-009,2026-01,saas,Software,9796.61
AI-009,2026-02,saas,Software,9796.61
AI-009,2026-03,saas,Software,9796.61
AI-009,2026-04,saas,Software,9796.61
AI-009,2026-05,saas,Software,9796.61
AI-009,2026-06,saas,Software,9796.61
AI-009,2026-07,saas,Software,9796.61
AI-009,2026-08,saas,Software,9796.61
AI-009,2025-09,cloud,Cloud,21610.17
AI-009,2025-10,cloud,Cloud,21610.17
AI-009,2025-11,cloud,Cloud,21610.17
AI-009,2025-12,cloud,Cloud,21610.17
AI-009,2026-01,cloud,Cloud,14694.92
AI-009,2026-02,cloud,Cloud,14694.92
AI-009,2026-03,cloud,Cloud,14694.92
AI-009,2026-04,cloud,Cloud,14694.92
AI-009,2026-05,cloud,Cloud,14694.92
AI-009,2026-06,cloud,Cloud,14694.92
AI-009,2026-07,cloud,Cloud,14694.92
AI-009,2026-08,cloud,Cloud,14694.92
AI-009,2025-09,vendors,Services,25211.86
AI-009,2025-10,vendors,Services,25211.86
AI-009,2025-11,vendors,Services,25211.86
AI-009,2025-12,vendors,Services,25211.86
AI-009,2026-01,vendors,Services,17144.07
AI-009,2026-02,vendors,Services,17144.07
AI-009,2026-03,vendors,Services,17144.07
AI-009,2026-04,vendors,Services,17144.07
AI-009,2026-05,vendors,Services,17144.07
AI-009,2026-06,vendors,Services,17144.07
AI-009,2026-07,vendors,Services,17144.07
AI-009,2026-08,vendors,Services,17144.07
AI-009,2025-09,consulting,Services,36016.95
AI-009,2025-10,consulting,Services,36016.95
AI-009,2025-11,consulting,Services,36016.95
AI-009,2025-12,consulting,Services,36016.95
AI-009,2026-01,consulting,Services,24491.53
AI-009,2026-02,consulting,Services,24491.53
AI-009,2026-03,consulting,Services,24491.53
AI-009,2026-04,consulting,Services,24491.53
AI-009,2026-05,consulting,Services,24491.53
AI-009,2026-06,consulting,Services,24491.53
AI-009,2026-07,consulting,Services,24491.53
AI-009,2026-08,consulting,Services,24491.53
AI-009,2025-09,employees,People,72033.9
AI-009,2025-10,employees,People,72033.9
AI-009,2025-11,employees,People,72033.9
AI-009,2025-12,employees,People,72033.9
AI-009,2026-01,employees,People,48983.05
AI-009,2026-02,employees,People,48983.05
AI-009,2026-03,employees,People,48983.05
AI-009,2026-04,employees,People,48983.05
AI-009,2026-05,employees,People,48983.05
AI-009,2026-06,employees,People,48983.05
AI-009,2026-07,employees,People,48983.05
AI-009,2026-08,employees,People,48983.05
AI-009,2025-09,training,People,10805.08
AI-009,2025-10,training,People,10805.08
AI-009,2025-11,training,People,10805.08
AI-009,2025-12,training,People,10805.08
AI-009,2026-01,training,People,7347.46
AI-009,2026-02,training,People,7347.46
AI-009,2026-03,training,People,7347.46
AI-009,2026-04,training,People,7347.46
AI-009,2026-05,training,People,7347.46
AI-009,2026-06,training,People,7347.46
AI-009,2026-07,training,People,7347.46
AI-009,2026-08,training,People,7347.46
AI-009,2025-09,data,Other,18008.47
AI-009,2025-10,data,Other,18008.47
AI-009,2025-11,data,Other,18008.47
AI-009,2025-12,data,Other,18008.47
AI-009,2026-01,data,Other,12245.76
AI-009,2026-02,data,Other,12245.76
AI-009,2026-03,data,Other,12245.76
AI-009,2026-04,data,Other,12245.76
AI-009,2026-05,data,Other,12245.76
AI-009,2026-06,data,Other,12245.76
AI-009,2026-07,data,Other,12245.76
AI-009,2026-08,data,Other,12245.76
AI-010,2025-09,gpu,Infrastructure,21710.53
AI-010,2025-10,gpu,Infrastructure,21710.53
AI-010,2025-11,gpu,Infrastructure,21710.53
AI-010,2025-12,gpu,Infrastructure,14763.16
AI-010,2026-01,gpu,Infrastructure,14763.16
AI-010,2026-02,gpu,Infrastructure,14763.16
AI-010,2026-03,gpu,Infrastructure,14763.16
AI-010,2026-04,gpu,Infrastructure,14763.16
AI-010,2026-05,gpu,Infrastructure,14763.16
AI-010,2026-06,gpu,Infrastructure,14763.16
AI-010,2026-07,gpu,Infrastructure,14763.16
AI-010,2026-08,gpu,Infrastructure,14763.16
AI-010,2025-09,compute,Infrastructure,18092.11
AI-010,2025-10,compute,Infrastructure,18092.11
AI-010,2025-11,compute,Infrastructure,18092.11
AI-010,2025-12,compute,Infrastructure,12302.63
AI-010,2026-01,compute,Infrastructure,12302.63
AI-010,2026-02,compute,Infrastructure,12302.63
AI-010,2026-03,compute,Infrastructure,12302.63
AI-010,2026-04,compute,Infrastructure,12302.63
AI-010,2026-05,compute,Infrastructure,12302.63
AI-010,2026-06,compute,Infrastructure,12302.63
AI-010,2026-07,compute,Infrastructure,12302.63
AI-010,2026-08,compute,Infrastructure,12302.63
AI-010,2025-09,storage,Infrastructure,14473.68
AI-010,2025-10,storage,Infrastructure,14473.68
AI-010,2025-11,storage,Infrastructure,14473.68
AI-010,2025-12,storage,Infrastructure,9842.11
AI-010,2026-01,storage,Infrastructure,9842.11
AI-010,2026-02,storage,Infrastructure,9842.11
AI-010,2026-03,storage,Infrastructure,9842.11
AI-010,2026-04,storage,Infrastructure,9842.11
AI-010,2026-05,storage,Infrastructure,9842.11
AI-010,2026-06,storage,Infrastructure,9842.11
AI-010,2026-07,storage,Infrastructure,9842.11
AI-010,2026-08,storage,Infrastructure,9842.11
AI-010,2025-09,networking,Infrastructure,7236.84
AI-010,2025-10,networking,Infrastructure,7236.84
AI-010,2025-11,networking,Infrastructure,7236.84
AI-010,2025-12,networking,Infrastructure,4921.05
AI-010,2026-01,networking,Infrastructure,4921.05
AI-010,2026-02,networking,Infrastructure,4921.05
AI-010,2026-03,networking,Infrastructure,4921.05
AI-010,2026-04,networking,Infrastructure,4921.05
AI-010,2026-05,networking,Infrastructure,4921.05
AI-010,2026-06,networking,Infrastructure,4921.05
AI-010,2026-07,networking,Infrastructure,4921.05
AI-010,2026-08,networking,Infrastructure,4921.05
AI-010,2025-09,software,Software,28947.37
AI-010,2025-10,software,Software,28947.37
AI-010,2025-11,software,Software,28947.37
AI-010,2025-12,software,Software,19684.21
AI-010,2026-01,software,Software,19684.21
AI-010,2026-02,software,Software,19684.21
AI-010,2026-03,software,Software,19684.21
AI-010,2026-04,software,Software,19684.21
AI-010,2026-05,software,Software,19684.21
AI-010,2026-06,software,Software,19684.21
AI-010,2026-07,software,Software,19684.21
AI-010,2026-08,software,Software,19684.21
AI-010,2025-09,saas,Software,21710.53
AI-010,2025-10,saas,Software,21710.53
AI-010,2025-11,saas,Software,21710.53
AI-010,2025-12,saas,Software,14763.16
AI-010,2026-01,saas,Software,14763.16
AI-010,2026-02,saas,Software,14763.16
AI-010,2026-03,saas,Software,14763.16
AI-010,2026-04,saas,Software,14763.16
AI-010,2026-05,saas,Software,14763.16
AI-010,2026-06,saas,Software,14763.16
AI-010,2026-07,saas,Software,14763.16
AI-010,2026-08,saas,Software,14763.16
AI-010,2025-09,cloud,Cloud,86842.11
AI-010,2025-10,cloud,Cloud,86842.11
AI-010,2025-11,cloud,Cloud,86842.11
AI-010,2025-12,cloud,Cloud,59052.63
AI-010,2026-01,cloud,Cloud,59052.63
AI-010,2026-02,cloud,Cloud,59052.63
AI-010,2026-03,cloud,Cloud,59052.63
AI-010,2026-04,cloud,Cloud,59052.63
AI-010,2026-05,cloud,Cloud,59052.63
AI-010,2026-06,cloud,Cloud,59052.63
AI-010,2026-07,cloud,Cloud,59052.63
AI-010,2026-08,cloud,Cloud,59052.63
AI-010,2025-09,vendors,Services,18092.11
AI-010,2025-10,vendors,Services,18092.11
AI-010,2025-11,vendors,Services,18092.11
AI-010,2025-12,vendors,Services,12302.63
AI-010,2026-01,vendors,Services,12302.63
AI-010,2026-02,vendors,Services,12302.63
AI-010,2026-03,vendors,Services,12302.63
AI-010,2026-04,vendors,Services,12302.63
AI-010,2026-05,vendors,Services,12302.63
AI-010,2026-06,vendors,Services,12302.63
AI-010,2026-07,vendors,Services,12302.63
AI-010,2026-08,vendors,Services,12302.63
AI-010,2025-09,consulting,Services,32565.79
AI-010,2025-10,consulting,Services,32565.79
AI-010,2025-11,consulting,Services,32565.79
AI-010,2025-12,consulting,Services,22144.74
AI-010,2026-01,consulting,Services,22144.74
AI-010,2026-02,consulting,Services,22144.74
AI-010,2026-03,consulting,Services,22144.74
AI-010,2026-04,consulting,Services,22144.74
AI-010,2026-05,consulting,Services,22144.74
AI-010,2026-06,consulting,Services,22144.74
AI-010,2026-07,consulting,Services,22144.74
AI-010,2026-08,consulting,Services,22144.74
AI-010,2025-09,employees,People,83223.68
AI-010,2025-10,employees,People,83223.68
AI-010,2025-11,employees,People,83223.68
AI-010,2025-12,employees,People,56592.11
AI-010,2026-01,employees,People,56592.11
AI-010,2026-02,employees,People,56592.11
AI-010,2026-03,employees,People,56592.11
AI-010,2026-04,employees,People,56592.11
AI-010,2026-05,employees,People,56592.11
AI-010,2026-06,employees,People,56592.11
AI-010,2026-07,employees,People,56592.11
AI-010,2026-08,employees,People,56592.11
AI-010,2025-09,training,People,10855.26
AI-010,2025-10,training,People,10855.26
AI-010,2025-11,training,People,10855.26
AI-010,2025-12,training,People,7381.58
AI-010,2026-01,training,People,7381.58
AI-010,2026-02,training,People,7381.58
AI-010,2026-03,training,People,7381.58
AI-010,2026-04,training,People,7381.58
AI-010,2026-05,training,People,7381.58
AI-010,2026-06,training,People,7381.58
AI-010,2026-07,training,People,7381.58
AI-010,2026-08,training,People,7381.58
AI-010,2025-09,data,Other,18092.11
AI-010,2025-10,data,Other,18092.11
AI-010,2025-11,data,Other,18092.11
AI-010,2025-12,data,Other,12302.63
AI-010,2026-01,data,Other,12302.63
AI-010,2026-02,data,Other,12302.63
AI-010,2026-03,data,Other,12302.63
AI-010,2026-04,data,Other,12302.63
AI-010,2026-05,data,Other,12302.63
AI-010,2026-06,data,Other,12302.63
AI-010,2026-07,data,Other,12302.63
AI-010,2026-08,data,Other,12302.63
AI-011,2025-10,gpu,Infrastructure,40640.39
AI-011,2025-11,gpu,Infrastructure,40640.39
AI-011,2025-12,gpu,Infrastructure,27635.47
AI-011,2026-01,gpu,Infrastructure,27635.47
AI-011,2026-02,gpu,Infrastructure,27635.47
AI-011,2026-03,gpu,Infrastructure,27635.47
AI-011,2026-04,gpu,Infrastructure,27635.47
AI-011,2026-05,gpu,Infrastructure,27635.47
AI-011,2026-06,gpu,Infrastructure,27635.47
AI-011,2026-07,gpu,Infrastructure,27635.47
AI-011,2026-08,gpu,Infrastructure,27635.47
AI-011,2025-10,compute,Infrastructure,14778.33
AI-011,2025-11,compute,Infrastructure,14778.33
AI-011,2025-12,compute,Infrastructure,10049.26
AI-011,2026-01,compute,Infrastructure,10049.26
AI-011,2026-02,compute,Infrastructure,10049.26
AI-011,2026-03,compute,Infrastructure,10049.26
AI-011,2026-04,compute,Infrastructure,10049.26
AI-011,2026-05,compute,Infrastructure,10049.26
AI-011,2026-06,compute,Infrastructure,10049.26
AI-011,2026-07,compute,Infrastructure,10049.26
AI-011,2026-08,compute,Infrastructure,10049.26
AI-011,2025-10,storage,Infrastructure,12931.03
AI-011,2025-11,storage,Infrastructure,12931.03
AI-011,2025-12,storage,Infrastructure,8793.1
AI-011,2026-01,storage,Infrastructure,8793.1
AI-011,2026-02,storage,Infrastructure,8793.1
AI-011,2026-03,storage,Infrastructure,8793.1
AI-011,2026-04,storage,Infrastructure,8793.1
AI-011,2026-05,storage,Infrastructure,8793.1
AI-011,2026-06,storage,Infrastructure,8793.1
AI-011,2026-07,storage,Infrastructure,8793.1
AI-011,2026-08,storage,Infrastructure,8793.1
AI-011,2025-10,networking,Infrastructure,7389.16
AI-011,2025-11,networking,Infrastructure,7389.16
AI-011,2025-12,networking,Infrastructure,5024.63
AI-011,2026-01,networking,Infrastructure,5024.63
AI-011,2026-02,networking,Infrastructure,5024.63
AI-011,2026-03,networking,Infrastructure,5024.63
AI-011,2026-04,networking,Infrastructure,5024.63
AI-011,2026-05,networking,Infrastructure,5024.63
AI-011,2026-06,networking,Infrastructure,5024.63
AI-011,2026-07,networking,Infrastructure,5024.63
AI-011,2026-08,networking,Infrastructure,5024.63
AI-011,2025-10,software,Software,18472.91
AI-011,2025-11,software,Software,18472.91
AI-011,2025-12,software,Software,12561.58
AI-011,2026-01,software,Software,12561.58
AI-011,2026-02,software,Software,12561.58
AI-011,2026-03,software,Software,12561.58
AI-011,2026-04,software,Software,12561.58
AI-011,2026-05,software,Software,12561.58
AI-011,2026-06,software,Software,12561.58
AI-011,2026-07,software,Software,12561.58
AI-011,2026-08,software,Software,12561.58
AI-011,2025-10,saas,Software,3694.58
AI-011,2025-11,saas,Software,3694.58
AI-011,2025-12,saas,Software,2512.32
AI-011,2026-01,saas,Software,2512.32
AI-011,2026-02,saas,Software,2512.32
AI-011,2026-03,saas,Software,2512.32
AI-011,2026-04,saas,Software,2512.32
AI-011,2026-05,saas,Software,2512.32
AI-011,2026-06,saas,Software,2512.32
AI-011,2026-07,saas,Software,2512.32
AI-011,2026-08,saas,Software,2512.32
AI-011,2025-10,cloud,Cloud,3694.58
AI-011,2025-11,cloud,Cloud,3694.58
AI-011,2025-12,cloud,Cloud,2512.32
AI-011,2026-01,cloud,Cloud,2512.32
AI-011,2026-02,cloud,Cloud,2512.32
AI-011,2026-03,cloud,Cloud,2512.32
AI-011,2026-04,cloud,Cloud,2512.32
AI-011,2026-05,cloud,Cloud,2512.32
AI-011,2026-06,cloud,Cloud,2512.32
AI-011,2026-07,cloud,Cloud,2512.32
AI-011,2026-08,cloud,Cloud,2512.32
AI-011,2025-10,vendors,Services,9236.45
AI-011,2025-11,vendors,Services,9236.45
AI-011,2025-12,vendors,Services,6280.79
AI-011,2026-01,vendors,Services,6280.79
AI-011,2026-02,vendors,Services,6280.79
AI-011,2026-03,vendors,Services,6280.79
AI-011,2026-04,vendors,Services,6280.79
AI-011,2026-05,vendors,Services,6280.79
AI-011,2026-06,vendors,Services,6280.79
AI-011,2026-07,vendors,Services,6280.79
AI-011,2026-08,vendors,Services,6280.79
AI-011,2025-10,consulting,Services,18472.91
AI-011,2025-11,consulting,Services,18472.91
AI-011,2025-12,consulting,Services,12561.58
AI-011,2026-01,consulting,Services,12561.58
AI-011,2026-02,consulting,Services,12561.58
AI-011,2026-03,consulting,Services,12561.58
AI-011,2026-04,consulting,Services,12561.58
AI-011,2026-05,consulting,Services,12561.58
AI-011,2026-06,consulting,Services,12561.58
AI-011,2026-07,consulting,Services,12561.58
AI-011,2026-08,consulting,Services,12561.58
AI-011,2025-10,employees,People,40640.39
AI-011,2025-11,employees,People,40640.39
AI-011,2025-12,employees,People,27635.47
AI-011,2026-01,employees,People,27635.47
AI-011,2026-02,employees,People,27635.47
AI-011,2026-03,employees,People,27635.47
AI-011,2026-04,employees,People,27635.47
AI-011,2026-05,employees,People,27635.47
AI-011,2026-06,employees,People,27635.47
AI-011,2026-07,employees,People,27635.47
AI-011,2026-08,employees,People,27635.47
AI-011,2025-10,training,People,5541.87
AI-011,2025-11,training,People,5541.87
AI-011,2025-12,training,People,3768.47
AI-011,2026-01,training,People,3768.47
AI-011,2026-02,training,People,3768.47
AI-011,2026-03,training,People,3768.47
AI-011,2026-04,training,People,3768.47
AI-011,2026-05,training,People,3768.47
AI-011,2026-06,training,People,3768.47
AI-011,2026-07,training,People,3768.47
AI-011,2026-08,training,People,3768.47
AI-011,2025-10,data,Other,9236.45
AI-011,2025-11,data,Other,9236.45
AI-011,2025-12,data,Other,6280.79
AI-011,2026-01,data,Other,6280.79
AI-011,2026-02,data,Other,6280.79
AI-011,2026-03,data,Other,6280.79
AI-011,2026-04,data,Other,6280.79
AI-011,2026-05,data,Other,6280.79
AI-011,2026-06,data,Other,6280.79
AI-011,2026-07,data,Other,6280.79
AI-011,2026-08,data,Other,6280.79
AI-012,2025-09,gpu,Infrastructure,32727.27
AI-012,2025-10,gpu,Infrastructure,32727.27
AI-012,2025-11,gpu,Infrastructure,22254.55
AI-012,2025-12,gpu,Infrastructure,22254.55
AI-012,2026-01,gpu,Infrastructure,22254.55
AI-012,2026-02,gpu,Infrastructure,22254.55
AI-012,2026-03,gpu,Infrastructure,22254.55
AI-012,2026-04,gpu,Infrastructure,22254.55
AI-012,2026-05,gpu,Infrastructure,22254.55
AI-012,2026-06,gpu,Infrastructure,22254.55
AI-012,2026-07,gpu,Infrastructure,22254.55
AI-012,2026-08,gpu,Infrastructure,22254.55
AI-012,2025-09,compute,Infrastructure,13636.36
AI-012,2025-10,compute,Infrastructure,13636.36
AI-012,2025-11,compute,Infrastructure,9272.73
AI-012,2025-12,compute,Infrastructure,9272.73
AI-012,2026-01,compute,Infrastructure,9272.73
AI-012,2026-02,compute,Infrastructure,9272.73
AI-012,2026-03,compute,Infrastructure,9272.73
AI-012,2026-04,compute,Infrastructure,9272.73
AI-012,2026-05,compute,Infrastructure,9272.73
AI-012,2026-06,compute,Infrastructure,9272.73
AI-012,2026-07,compute,Infrastructure,9272.73
AI-012,2026-08,compute,Infrastructure,9272.73
AI-012,2025-09,storage,Infrastructure,13636.36
AI-012,2025-10,storage,Infrastructure,13636.36
AI-012,2025-11,storage,Infrastructure,9272.73
AI-012,2025-12,storage,Infrastructure,9272.73
AI-012,2026-01,storage,Infrastructure,9272.73
AI-012,2026-02,storage,Infrastructure,9272.73
AI-012,2026-03,storage,Infrastructure,9272.73
AI-012,2026-04,storage,Infrastructure,9272.73
AI-012,2026-05,storage,Infrastructure,9272.73
AI-012,2026-06,storage,Infrastructure,9272.73
AI-012,2026-07,storage,Infrastructure,9272.73
AI-012,2026-08,storage,Infrastructure,9272.73
AI-012,2025-09,networking,Infrastructure,8181.82
AI-012,2025-10,networking,Infrastructure,8181.82
AI-012,2025-11,networking,Infrastructure,5563.64
AI-012,2025-12,networking,Infrastructure,5563.64
AI-012,2026-01,networking,Infrastructure,5563.64
AI-012,2026-02,networking,Infrastructure,5563.64
AI-012,2026-03,networking,Infrastructure,5563.64
AI-012,2026-04,networking,Infrastructure,5563.64
AI-012,2026-05,networking,Infrastructure,5563.64
AI-012,2026-06,networking,Infrastructure,5563.64
AI-012,2026-07,networking,Infrastructure,5563.64
AI-012,2026-08,networking,Infrastructure,5563.64
AI-012,2025-09,software,Software,21818.18
AI-012,2025-10,software,Software,21818.18
AI-012,2025-11,software,Software,14836.36
AI-012,2025-12,software,Software,14836.36
AI-012,2026-01,software,Software,14836.36
AI-012,2026-02,software,Software,14836.36
AI-012,2026-03,software,Software,14836.36
AI-012,2026-04,software,Software,14836.36
AI-012,2026-05,software,Software,14836.36
AI-012,2026-06,software,Software,14836.36
AI-012,2026-07,software,Software,14836.36
AI-012,2026-08,software,Software,14836.36
AI-012,2025-09,saas,Software,19090.91
AI-012,2025-10,saas,Software,19090.91
AI-012,2025-11,saas,Software,12981.82
AI-012,2025-12,saas,Software,12981.82
AI-012,2026-01,saas,Software,12981.82
AI-012,2026-02,saas,Software,12981.82
AI-012,2026-03,saas,Software,12981.82
AI-012,2026-04,saas,Software,12981.82
AI-012,2026-05,saas,Software,12981.82
AI-012,2026-06,saas,Software,12981.82
AI-012,2026-07,saas,Software,12981.82
AI-012,2026-08,saas,Software,12981.82
AI-012,2025-09,cloud,Cloud,43636.36
AI-012,2025-10,cloud,Cloud,43636.36
AI-012,2025-11,cloud,Cloud,29672.73
AI-012,2025-12,cloud,Cloud,29672.73
AI-012,2026-01,cloud,Cloud,29672.73
AI-012,2026-02,cloud,Cloud,29672.73
AI-012,2026-03,cloud,Cloud,29672.73
AI-012,2026-04,cloud,Cloud,29672.73
AI-012,2026-05,cloud,Cloud,29672.73
AI-012,2026-06,cloud,Cloud,29672.73
AI-012,2026-07,cloud,Cloud,29672.73
AI-012,2026-08,cloud,Cloud,29672.73
AI-012,2025-09,vendors,Services,10909.09
AI-012,2025-10,vendors,Services,10909.09
AI-012,2025-11,vendors,Services,7418.18
AI-012,2025-12,vendors,Services,7418.18
AI-012,2026-01,vendors,Services,7418.18
AI-012,2026-02,vendors,Services,7418.18
AI-012,2026-03,vendors,Services,7418.18
AI-012,2026-04,vendors,Services,7418.18
AI-012,2026-05,vendors,Services,7418.18
AI-012,2026-06,vendors,Services,7418.18
AI-012,2026-07,vendors,Services,7418.18
AI-012,2026-08,vendors,Services,7418.18
AI-012,2025-09,consulting,Services,21818.18
AI-012,2025-10,consulting,Services,21818.18
AI-012,2025-11,consulting,Services,14836.36
AI-012,2025-12,consulting,Services,14836.36
AI-012,2026-01,consulting,Services,14836.36
AI-012,2026-02,consulting,Services,14836.36
AI-012,2026-03,consulting,Services,14836.36
AI-012,2026-04,consulting,Services,14836.36
AI-012,2026-05,consulting,Services,14836.36
AI-012,2026-06,consulting,Services,14836.36
AI-012,2026-07,consulting,Services,14836.36
AI-012,2026-08,consulting,Services,14836.36
AI-012,2025-09,employees,People,65454.55
AI-012,2025-10,employees,People,65454.55
AI-012,2025-11,employees,People,44509.09
AI-012,2025-12,employees,People,44509.09
AI-012,2026-01,employees,People,44509.09
AI-012,2026-02,employees,People,44509.09
AI-012,2026-03,employees,People,44509.09
AI-012,2026-04,employees,People,44509.09
AI-012,2026-05,employees,People,44509.09
AI-012,2026-06,employees,People,44509.09
AI-012,2026-07,employees,People,44509.09
AI-012,2026-08,employees,People,44509.09
AI-012,2025-09,training,People,8181.82
AI-012,2025-10,training,People,8181.82
AI-012,2025-11,training,People,5563.64
AI-012,2025-12,training,People,5563.64
AI-012,2026-01,training,People,5563.64
AI-012,2026-02,training,People,5563.64
AI-012,2026-03,training,People,5563.64
AI-012,2026-04,training,People,5563.64
AI-012,2026-05,training,People,5563.64
AI-012,2026-06,training,People,5563.64
AI-012,2026-07,training,People,5563.64
AI-012,2026-08,training,People,5563.64
AI-012,2025-09,data,Other,13636.36
AI-012,2025-10,data,Other,13636.36
AI-012,2025-11,data,Other,9272.73
AI-012,2025-12,data,Other,9272.73
AI-012,2026-01,data,Other,9272.73
AI-012,2026-02,data,Other,9272.73
AI-012,2026-03,data,Other,9272.73
AI-012,2026-04,data,Other,9272.73
AI-012,2026-05,data,Other,9272.73
AI-012,2026-06,data,Other,9272.73
AI-012,2026-07,data,Other,9272.73
AI-012,2026-08,data,Other,9272.73
