source_id,title,publisher,url,date,source_type,topic
SRC-01,HPE to Acquire Juniper Networks to Accelerate AI-Driven Innovation (Jan 2024) and HPE/Juniper settlement with U.S. DOJ (June 2025),U.S. SEC (EDGAR),https://www.sec.gov/Archives/edgar/data/1645590/000114036124001613/ny20018436x1_ex99-1.htm,2024-01-09,press release (filed as Form 8-K exhibits),"Juniper acquisition terms, rationale, Mist AI, DOJ settlement remedies"
SRC-02,Hewlett Packard Enterprise and NVIDIA Announce 'NVIDIA AI Computing by HPE' to Accelerate Generative AI Industrial Revolution,NVIDIA Newsroom,https://nvidianews.nvidia.com/news/hpe-nvidia-ai-computing-generative-ai,2024-06-18,"press release (joint HPE/NVIDIA, retrieved from NVIDIA Newsroom)","HPE Private Cloud AI launch, NVIDIA partnership, OpsRamp AI copilot, HPE Discover 2024"
SRC-03,TOP500 List — November 2024 (64th edition): HPE Cray EX exascale systems,TOP500,https://www.top500.org/lists/top500/2024/11/,2024-11,third-party benchmark list (TOP500) + 10-K,"HPE Cray supercomputing, exascale, HPC/AI heritage"
SRC-04,HPE and Juniper Networks reach settlement with U.S. Department of Justice (8-K Ex. 99.2),U.S. SEC (EDGAR),https://www.sec.gov/Archives/edgar/data/1645590/000114036125024519/ef20051378_ex99-2.htm,2025-06-28,press release,Juniper - DOJ settlement / Mist AI
SRC-05,"Hewlett Packard Enterprise closes acquisition of Juniper Networks to offer industry-leading comprehensive, cloud-native, AI-driven portfolio",U.S. SEC (EDGAR),https://www.sec.gov/Archives/edgar/data/1645590/000114036125024519/ef20051378_ex99-1.htm,2025-07-02,press release (filed as Form 8-K Exhibit 99.1),"Juniper Networks acquisition close, AI-native networking, Mist"
SRC-06,HPE details strategic and execution priorities to drive enhanced shareholder value at HPE Securities Analyst Meeting 2025,U.S. SEC (EDGAR),https://www.sec.gov/Archives/edgar/data/1645590/000164559025000111/ex-992x10152025x8ksam.htm,2025-10-15,press release (filed as Form 8-K Exhibit 99.2),"strategy, AI infrastructure focus (sovereign/enterprise), GreenLake, Alletra MP, long-term financial targets, Catalyst"
SRC-07,HPE Q4 FY2025 earnings conference call transcript,HPE Investor Relations,https://investors.hpe.com/~/media/Files/H/HP-Enterprise-IR/documents/q4-2025/q4-earnings-transcript-final.pdf,2025-12-04,earnings call transcript,AI systems orders
SRC-08,HPE reports fiscal 2025 fourth quarter results (release) and Q4 FY2025 earnings call,U.S. SEC (EDGAR),https://www.sec.gov/Archives/edgar/data/1645590/000164559025000126/ex-991x1242025x8k.htm,2025-12-04,earnings release / earnings call transcript,"FY2025 results, ARR, GreenLake customers, AI orders, Private Cloud AI, Alletra MP"
SRC-09,HPE Form 10-K FY2025 — Item 1 Business: strategy and reportable segments,U.S. SEC (EDGAR),https://www.sec.gov/Archives/edgar/data/1645590/000164559025000130/hpe-20251031.htm,2025-12-18,10-K,"business overview, strategy, segments"
SRC-10,HPE Q1 FY2026 earnings conference call transcript,HPE Investor Relations,https://investors.hpe.com/~/media/Files/H/HP-Enterprise-IR/documents/q1-2026/hpe-q1-26-earnings-transcript.pdf,2026-03-09,earnings call transcript,AI backlog
SRC-11,"Form 8-K Exhibit 99.1, 'HPE reports fiscal 2026 first quarter results' (ex-991x392026x8k.htm)",U.S. SEC (EDGAR),https://www.sec.gov/Archives/edgar/data/1645590/000164559026000028/ex-991x392026x8k.htm,2026-03-09,SEC filing,financials
SRC-12,"Form 10-Q for quarter ended Jan 31, 2026 (hpe-20260131.htm)",U.S. SEC (EDGAR),https://www.sec.gov/Archives/edgar/data/1645590/000164559026000032/hpe-20260131.htm,2026-03-10,SEC filing,financials
SRC-13,HPE Q2 FY2026 earnings conference call transcript,HPE Investor Relations,https://investors.hpe.com/~/media/Files/H/HP-Enterprise-IR/documents/q2-2026/q2-2026-transcript.pdf,2026-06-01,earnings call transcript,AI systems orders
SRC-14,"Form 8-K Exhibit 99.1, 'HPE reports fiscal 2026 second quarter results' (ex-991x612026x8k.htm)",U.S. SEC (EDGAR),https://www.sec.gov/Archives/edgar/data/1645590/000164559026000052/ex-991x612026x8k.htm,2026-06-01,SEC filing,financials
SRC-15,"Form 10-Q for quarter ended Apr 30, 2026 (hpe-20260430.htm)",U.S. SEC (EDGAR),https://www.sec.gov/Archives/edgar/data/1645590/000164559026000055/hpe-20260430.htm,2026-06-02,SEC filing,financials
SRC-16,HPE AI Factory With NVIDIA Expands for the Era of Agents (NVIDIA Blog),NVIDIA Blog,https://blogs.nvidia.com/blog/hpe-ai-factory-agentic-enterprise/,2026-06-16,partner blog (NVIDIA-authored),"NVIDIA partnership, HPE Private Cloud AI roadmap, HPE AI Factory, Alletra X10000, confidential computing"
SRC-17,HPE Q3 FY2026 earnings presentation (slides),HPE Investor Relations,https://investors.hpe.com/~/media/Files/H/HP-Enterprise-IR/documents/q3-2026/q3-2026-earnings-presentation.pdf,2026-09-02,earnings presentation,AI backlog
SRC-18,"HPE Q3 FY2026 earnings call transcript and presentation — AI demand, backlog, GreenLake, Private Cloud AI",HPE Investor Relations,https://investors.hpe.com/~/media/Files/H/HP-Enterprise-IR/documents/q3-2026/q3-2026-transcript.pdf,2026-09-02,earnings call transcript / earnings presentation,"AI systems orders/backlog/revenue, Networks for AI, Private Cloud AI, GreenLake, storage"
SRC-19,HPE reports fiscal 2026 third quarter results (Form 8-K Exhibit 99.1),U.S. SEC (EDGAR),https://www.sec.gov/Archives/edgar/data/1645590/000164559026000078/ex-991x922026x8k.htm,2026-09-02,earnings release,"latest quarterly results, segment results, guidance"
SRC-20,"HPE Form 10-Q for quarter ended July 31, 2026 — Cloud & AI segment, memory supply constraints, Oracle warrant",U.S. SEC (EDGAR),https://www.sec.gov/Archives/edgar/data/1645590/000164559026000080/hpe-20260731.htm,2026-09-03,10-Q,"Cloud & AI segment definition and drivers, AI-driven memory shortage, Oracle AI data center networking warrant, goodwill"
SRC-21,HPE Private Cloud AI | HPE Developer Portal,HPE Developer,https://developer.hpe.com/platform/hpe-private-cloud-ai/home/,accessed 2,product page,HPE Private Cloud AI - definition
